source,sheet,ID,المجال,المهارة,وصف المعيار,Assessment Question,Expected Development,Importance,Reference,معرف النشاط,اسم النشاط,العمر,المهارة المستهدفة,الهدف,وصف النشاط,الأدوات,المدة,التكرار,مستوى الصعوبة,تعليمات لولي الأمر,النتيجة المتوقعة,المرجع,معرف القاعدة,شرط التقييم,مستوى الشدة,توصية الذكاء الاصطناعي,الأنشطة المقترحة,المتابعة,الإحالة إلى أخصائي,الحقل,القيمة / الوصف,اليوم,رقم النشاط,تم التنفيذ,رقم القالب,الحالة,النص,معرف السؤال,السؤال,نوع الإجابة,الدرجة (نعم),الدرجة (لا),مرتبط بالمعيار,مرتبط بقاعدة القرار,ملاحظات
KB01.xlsx,Age 2,RL001,اللغة الاستقبالية,الاستجابة للاسم,يستجيب عند مناداته باسمه في معظم المواقف.,هل يستجيب الطفل عند مناداته باسمه؟,يستجيب بسرعة في معظم الأوقات.,أساسي,"ASHA, CDC",,,,,,,,,,,,,,,,,,,,,,,,,,,,,,,,,,,,
KB01.xlsx,Age 2,RL002,اللغة الاستقبالية,الانتباه للمتحدث,يوجه انتباهه للشخص الذي يتحدث معه.,هل ينظر إليك عندما تتحدث معه؟,يحافظ على الانتباه لفترة قصيرة.,أساسي,ASHA,,,,,,,,,,,,,,,,,,,,,,,,,,,,,,,,,,,,
KB01.xlsx,Age 2,RL003,اللغة الاستقبالية,تنفيذ أمر بسيط,ينفذ أمرًا من خطوة واحدة دون مساعدة.,هل يستطيع تنفيذ أمر مثل (هات الكرة)؟,ينفذ أوامر بسيطة.,أساسي,"ASHA, CDC",,,,,,,,,,,,,,,,,,,,,,,,,,,,,,,,,,,,
KB01.xlsx,Age 2,RL004,اللغة الاستقبالية,التعرف على الأشياء المألوفة,يتعرف على الأشياء اليومية عند تسميتها.,هل يشير إلى الأشياء عند ذكر اسمها؟,يتعرف على معظم الأشياء المألوفة.,مهم,ASHA,,,,,,,,,,,,,,,,,,,,,,,,,,,,,,,,,,,,
KB01.xlsx,Age 2,RL005,اللغة الاستقبالية,التعرف على أفراد الأسرة,يميز أفراد الأسرة عند ذكر أسمائهم.,هل يشير إلى أحد أفراد الأسرة عند طلب ذلك؟,يميز أفراد الأسرة المقربين.,مهم,CDC,,,,,,,,,,,,,,,,,,,,,,,,,,,,,,,,,,,,
KB01.xlsx,Age 2,RL006,اللغة الاستقبالية,فهم التعليمات اليومية,يفهم تعليمات مثل اجلس أو تعال.,هل يفهم التعليمات اليومية البسيطة؟,يستجيب للتعليمات الشائعة.,أساسي,ASHA,,,,,,,,,,,,,,,,,,,,,,,,,,,,,,,,,,,,
KB01.xlsx,Age 2,RL007,اللغة الاستقبالية,اختيار الشيء الصحيح,يختار الشيء المطلوب من بين عدة أشياء.,هل يعطيك الشيء الذي تطلبه؟,يختار العنصر الصحيح.,مهم,ASHA,,,,,,,,,,,,,,,,,,,,,,,,,,,,,,,,,,,,
KB01.xlsx,Age 2,RL008,اللغة الاستقبالية,التعرف على أجزاء الجسم,يشير إلى أجزاء الجسم عند طلبها.,هل يشير إلى الأنف أو العين عند الطلب؟,يعرف عدة أجزاء من الجسم.,مهم,CDC,,,,,,,,,,,,,,,,,,,,,,,,,,,,,,,,,,,,
KB01.xlsx,Age 2,RL009,اللغة الاستقبالية,فهم الروتين اليومي,يفهم الأنشطة المتكررة خلال اليوم.,هل يعرف ما يحدث في الروتين اليومي؟,يتوقع الأنشطة اليومية.,داعم,CDC,,,,,,,,,,,,,,,,,,,,,,,,,,,,,,,,,,,,
KB01.xlsx,Age 2,RL010,اللغة الاستقبالية,متابعة قصة قصيرة,ينتبه إلى قصة قصيرة مناسبة لعمره.,هل ينتبه عند قراءة قصة قصيرة؟,يحافظ على الانتباه أثناء القصة.,داعم,NIDCD,,,,,,,,,,,,,,,,,,,,,,,,,,,,,,,,,,,,
KB01.xlsx,Age 2,RL011,اللغة الاستقبالية,التعرف على الحيوانات المألوفة,يتعرف على الحيوانات الشائعة عند تسميتها.,هل يشير إلى الحيوان الصحيح عند ذكر اسمه؟,يتعرف على الحيوانات المألوفة.,داعم,ASHA,,,,,,,,,,,,,,,,,,,,,,,,,,,,,,,,,,,,
KB01.xlsx,Age 2,RL012,اللغة الاستقبالية,التعرف على وسائل النقل,يميز وسائل النقل الشائعة.,هل يتعرف على السيارة أو الحافلة عند تسميتها؟,يميز وسائل النقل المألوفة.,داعم,CDC,,,,,,,,,,,,,,,,,,,,,,,,,,,,,,,,,,,,
KB01.xlsx,Age 2,RL013,اللغة الاستقبالية,فهم مفاهيم المكان,يفهم مفاهيم مثل فوق وتحت.,هل يفهم كلمات مثل فوق أو تحت؟,يبدأ بفهم مفاهيم مكانية بسيطة.,مهم,ASHA,,,,,,,,,,,,,,,,,,,,,,,,,,,,,,,,,,,,
KB01.xlsx,Age 2,RL014,اللغة الاستقبالية,فهم مفاهيم الكمية,يميز بين واحد وكثير.,هل يميز بين شيء واحد وعدة أشياء؟,يبدأ بفهم الكمية البسيطة.,داعم,CDC,,,,,,,,,,,,,,,,,,,,,,,,,,,,,,,,,,,,
KB01.xlsx,Age 2,RL015,اللغة الاستقبالية,الانتباه للكلام,ينتبه عند التحدث إليه.,هل ينتبه عندما تتحدث معه؟,يحافظ على الانتباه لفترة مناسبة.,أساسي,NIDCD,,,,,,,,,,,,,,,,,,,,,,,,,,,,,,,,,,,,
KB01.xlsx,Age 2,RL016,اللغة الاستقبالية,التعرف على الصور,يشير إلى الصور الصحيحة في كتاب.,هل يشير إلى الصورة المطلوبة؟,يتعرف على الصور المألوفة.,مهم,ASHA,,,,,,,,,,,,,,,,,,,,,,,,,,,,,,,,,,,,
KB01.xlsx,Age 2,RL017,اللغة الاستقبالية,فهم الإيماءات,يفهم الإشارة المصاحبة للكلام.,هل يستجيب عند استخدام الإشارة مع الكلام؟,يفهم الإيماءات اليومية.,مهم,CDC,,,,,,,,,,,,,,,,,,,,,,,,,,,,,,,,,,,,
KB01.xlsx,Age 2,RL018,اللغة الاستقبالية,التمييز بين الأشياء,يميز بين الأشياء المختلفة.,هل يستطيع اختيار الشيء المختلف؟,يبدأ بالتمييز البسيط.,داعم,ASHA,,,,,,,,,,,,,,,,,,,,,,,,,,,,,,,,,,,,
KB01.xlsx,Age 2,RL019,اللغة الاستقبالية,التعرف على الألعاب,يعرف أسماء ألعابه المفضلة.,هل يتعرف على ألعابه عند تسميتها؟,يعرف أسماء الألعاب المألوفة.,داعم,CDC,,,,,,,,,,,,,,,,,,,,,,,,,,,,,,,,,,,,
KB01.xlsx,Age 2,RL020,اللغة الاستقبالية,الاستجابة للتوجيه اللفظي,يستجيب للتوجيهات اللفظية اليومية.,هل يستجيب للتوجيهات اليومية؟,ينفذ التوجيهات المناسبة لعمره.,أساسي,"ASHA, NIDCD",,,,,,,,,,,,,,,,,,,,,,,,,,,,,,,,,,,,
KB01.xlsx,Age 2,EL001,اللغة التعبيرية,استخدام كلمات للتعبير,يستخدم كلمات للتعبير عن احتياجاته.,هل يستخدم كلمات للتعبير عن احتياجاته؟,يستخدم كلمات يوميًا.,أساسي,"ASHA, CDC",,,,,,,,,,,,,,,,,,,,,,,,,,,,,,,,,,,,
KB01.xlsx,Age 2,EL002,اللغة التعبيرية,زيادة المفردات,تزداد مفرداته تدريجيًا.,هل يزداد عدد الكلمات التي يستخدمها؟,يزداد عدد الكلمات مع النمو.,أساسي,ASHA,,,,,,,,,,,,,,,,,,,,,,,,,,,,,,,,,,,,
KB01.xlsx,Age 2,EL003,اللغة التعبيرية,تكوين عبارتين,يجمع كلمتين في عبارة بسيطة.,هل يكوّن عبارات من كلمتين؟,يبدأ بتكوين عبارات قصيرة.,أساسي,"ASHA, CDC",,,,,,,,,,,,,,,,,,,,,,,,,,,,,,,,,,,,
KB01.xlsx,Age 2,EL004,اللغة التعبيرية,تسمية الأشياء,يسمي الأشياء المألوفة.,هل يسمي الأشياء حوله؟,يسمي أشياء شائعة.,مهم,ASHA,,,,,,,,,,,,,,,,,,,,,,,,,,,,,,,,,,,,
KB01.xlsx,Age 2,EL005,اللغة التعبيرية,طلب الاحتياجات,يطلب الطعام أو الشراب بالكلام.,هل يطلب احتياجاته بالكلام؟,يعبر عن احتياجاته لفظيًا.,أساسي,ASHA,,,,,,,,,,,,,,,,,,,,,,,,,,,,,,,,,,,,
KB01.xlsx,Age 2,EL006,اللغة التعبيرية,استخدام الأفعال,يستخدم أفعالًا بسيطة مثل أكل ونام.,هل يستخدم أفعالًا بسيطة؟,يستخدم أفعالًا يومية.,مهم,CDC,,,,,,,,,,,,,,,,,,,,,,,,,,,,,,,,,,,,
KB01.xlsx,Age 2,EL007,اللغة التعبيرية,تقليد الكلمات,يكرر كلمات جديدة يسمعها.,هل يقلد كلمات جديدة؟,يقلد كلمات مألوفة.,مهم,ASHA,,,,,,,,,,,,,,,,,,,,,,,,,,,,,,,,,,,,
KB01.xlsx,Age 2,EL008,اللغة التعبيرية,الإجابة بكلمة,يجيب عن أسئلة بسيطة بكلمة.,هل يجيب عن أسئلة بسيطة؟,يجيب بكلمة أو كلمتين.,مهم,ASHA,,,,,,,,,,,,,,,,,,,,,,,,,,,,,,,,,,,,
KB01.xlsx,Age 2,EL009,اللغة التعبيرية,استخدام أسماء الأشخاص,يسمي أفراد الأسرة.,هل يسمي أفراد الأسرة؟,يستخدم أسماء مألوفة.,داعم,CDC,,,,,,,,,,,,,,,,,,,,,,,,,,,,,,,,,,,,
KB01.xlsx,Age 2,EL010,اللغة التعبيرية,استخدام عبارات التحية,يقول مرحبًا أو مع السلامة.,هل يستخدم عبارات التحية؟,يستخدم تحيات بسيطة.,داعم,ASHA,,,,,,,,,,,,,,,,,,,,,,,,,,,,,,,,,,,,
KB01.xlsx,Age 2,EL011,اللغة التعبيرية,التعبير عن الرفض,يعبر عن الرفض بالكلام.,هل يقول لا أو يعبر عن رفضه؟,يعبر لفظيًا.,مهم,CDC,,,,,,,,,,,,,,,,,,,,,,,,,,,,,,,,,,,,
KB01.xlsx,Age 2,EL012,اللغة التعبيرية,التعبير عن الاختيار,يختار بين شيئين بالكلام.,هل يعبر عن اختياره؟,يذكر اختياره.,مهم,ASHA,,,,,,,,,,,,,,,,,,,,,,,,,,,,,,,,,,,,
KB01.xlsx,Age 2,EL013,اللغة التعبيرية,وصف الصور,يسمي عناصر في الصور.,هل يصف أو يسمي ما في الصورة؟,يسمي عناصر مألوفة.,داعم,ASHA,,,,,,,,,,,,,,,,,,,,,,,,,,,,,,,,,,,,
KB01.xlsx,Age 2,EL014,اللغة التعبيرية,التحدث أثناء اللعب,يستخدم اللغة أثناء اللعب.,هل يتحدث أثناء اللعب؟,يتواصل خلال اللعب.,مهم,ASHA,,,,,,,,,,,,,,,,,,,,,,,,,,,,,,,,,,,,
KB01.xlsx,Age 2,EL015,اللغة التعبيرية,استخدام الضمائر الأولية,يبدأ باستخدام أنا.,هل يستخدم كلمة أنا؟,يبدأ باستخدام الضمائر.,داعم,CDC,,,,,,,,,,,,,,,,,,,,,,,,,,,,,,,,,,,,
KB01.xlsx,Age 2,EL016,اللغة التعبيرية,تسمية الحيوانات,يسمي بعض الحيوانات.,هل يسمي الحيوانات المألوفة؟,يسمي حيوانات شائعة.,داعم,ASHA,,,,,,,,,,,,,,,,,,,,,,,,,,,,,,,,,,,,
KB01.xlsx,Age 2,EL017,اللغة التعبيرية,تسمية الألعاب,يسمي ألعابه.,هل يسمي ألعابه؟,يعرف أسماء الألعاب.,داعم,CDC,,,,,,,,,,,,,,,,,,,,,,,,,,,,,,,,,,,,
KB01.xlsx,Age 2,EL018,اللغة التعبيرية,استخدام كلمات جديدة,يضيف كلمات جديدة باستمرار.,هل يستخدم كلمات جديدة؟,يزداد التنوع اللغوي.,مهم,ASHA,,,,,,,,,,,,,,,,,,,,,,,,,,,,,,,,,,,,
KB01.xlsx,Age 2,EL019,اللغة التعبيرية,التعبير عن المشاعر,يعبر بكلمات بسيطة عن الفرح أو الحزن.,هل يعبر عن مشاعره بكلمات؟,يستخدم كلمات بسيطة للمشاعر.,داعم,NIDCD,,,,,,,,,,,,,,,,,,,,,,,,,,,,,,,,,,,,
KB01.xlsx,Age 2,EL020,اللغة التعبيرية,بدء التواصل اللفظي,يبادر بالكلام مع أحد الوالدين.,هل يبدأ الحديث من تلقاء نفسه؟,يبادر بالتواصل أحيانًا.,أساسي,"ASHA, CDC",,,,,,,,,,,,,,,,,,,,,,,,,,,,,,,,,,,,
KB01.xlsx,Age 2,CS001,التواصل والمهارات الاجتماعية,التواصل البصري,يحافظ على التواصل البصري أثناء التفاعل.,هل ينظر إلى الشخص أثناء التحدث؟,يحافظ على تواصل بصري مناسب.,أساسي,ASHA,,,,,,,,,,,,,,,,,,,,,,,,,,,,,,,,,,,,
KB01.xlsx,Age 2,CS002,التواصل والمهارات الاجتماعية,بدء التواصل,يبادر بالتواصل مع أحد أفراد الأسرة.,هل يبدأ التفاعل من تلقاء نفسه؟,يبادر أحيانًا.,أساسي,ASHA,,,,,,,,,,,,,,,,,,,,,,,,,,,,,,,,,,,,
KB01.xlsx,Age 2,CS003,التواصل والمهارات الاجتماعية,طلب المساعدة,يطلب المساعدة عند الحاجة.,هل يطلب المساعدة؟,يستخدم كلمات أو إشارات مناسبة.,مهم,CDC,,,,,,,,,,,,,,,,,,,,,,,,,,,,,,,,,,,,
KB01.xlsx,Age 2,CS004,التواصل والمهارات الاجتماعية,التفاعل أثناء اللعب,يتفاعل مع الآخرين أثناء اللعب.,هل يشارك في اللعب؟,يشارك لفترات قصيرة.,أساسي,ASHA,,,,,,,,,,,,,,,,,,,,,,,,,,,,,,,,,,,,
KB01.xlsx,Age 2,CS005,التواصل والمهارات الاجتماعية,تقليد الآخرين,يقلد الحركات والكلمات.,هل يقلد الآخرين؟,يقلد السلوكيات البسيطة.,مهم,CDC,,,,,,,,,,,,,,,,,,,,,,,,,,,,,,,,,,,,
KB01.xlsx,Age 2,CS006,التواصل والمهارات الاجتماعية,التعبير عن المشاعر,يعبر عن الفرح أو الحزن.,هل يعبر عن مشاعره؟,يبدي مشاعره بوضوح.,مهم,NIDCD,,,,,,,,,,,,,,,,,,,,,,,,,,,,,,,,,,,,
KB01.xlsx,Age 2,CS007,التواصل والمهارات الاجتماعية,الاستجابة للتحية,يرد على التحية.,هل يرد عند قول مرحبًا؟,يستجيب للتحية.,داعم,ASHA,,,,,,,,,,,,,,,,,,,,,,,,,,,,,,,,,,,,
KB01.xlsx,Age 2,CS008,التواصل والمهارات الاجتماعية,تبادل الأدوار,ينتظر دوره في الألعاب البسيطة.,هل ينتظر دوره؟,يتبادل الأدوار.,مهم,ASHA,,,,,,,,,,,,,,,,,,,,,,,,,,,,,,,,,,,,
KB01.xlsx,Age 2,CS009,التواصل والمهارات الاجتماعية,المشاركة,يشارك الألعاب مع الآخرين.,هل يشارك ألعابه؟,يبدي مشاركة بسيطة.,داعم,CDC,,,,,,,,,,,,,,,,,,,,,,,,,,,,,,,,,,,,
KB01.xlsx,Age 2,CS010,التواصل والمهارات الاجتماعية,لفت الانتباه,يحاول جذب انتباه الآخرين.,هل يحاول جذب انتباهك؟,يستخدم كلمات أو إشارات.,مهم,ASHA,,,,,,,,,,,,,,,,,,,,,,,,,,,,,,,,,,,,
KB01.xlsx,Age 2,CS011,التواصل والمهارات الاجتماعية,استخدام الإيماءات,يستخدم الإشارة مع الكلام.,هل يستخدم الإشارة أثناء الكلام؟,يجمع بين الإشارة والكلام.,داعم,CDC,,,,,,,,,,,,,,,,,,,,,,,,,,,,,,,,,,,,
KB01.xlsx,Age 2,CS012,التواصل والمهارات الاجتماعية,الاستجابة للحديث,يرد عند التحدث إليه.,هل يستجيب عند مخاطبته؟,يرد بصورة مناسبة.,أساسي,ASHA,,,,,,,,,,,,,,,,,,,,,,,,,,,,,,,,,,,,
KB01.xlsx,Age 2,CS013,التواصل والمهارات الاجتماعية,اللعب التخيلي البسيط,يبدأ اللعب التخيلي.,هل يمثل مواقف بسيطة؟,يشارك في لعب تخيلي.,داعم,ASHA,,,,,,,,,,,,,,,,,,,,,,,,,,,,,,,,,,,,
KB01.xlsx,Age 2,CS014,التواصل والمهارات الاجتماعية,التفاعل مع الأطفال,يتفاعل مع أطفال آخرين.,هل يتفاعل مع الأطفال؟,يبدي اهتمامًا باللعب.,مهم,CDC,,,,,,,,,,,,,,,,,,,,,,,,,,,,,,,,,,,,
KB01.xlsx,Age 2,CS015,التواصل والمهارات الاجتماعية,التواصل مع الوالدين,يتحدث ويتفاعل مع الوالدين.,هل يتواصل مع الوالدين باستمرار؟,يتفاعل يوميًا.,أساسي,ASHA,,,,,,,,,,,,,,,,,,,,,,,,,,,,,,,,,,,,
KB01.xlsx,Age 2,CS016,التواصل والمهارات الاجتماعية,الاستجابة للابتسامة,يبتسم استجابةً للآخرين.,هل يبتسم عند التفاعل؟,يستجيب اجتماعيًا.,داعم,CDC,,,,,,,,,,,,,,,,,,,,,,,,,,,,,,,,,,,,
KB01.xlsx,Age 2,CS017,التواصل والمهارات الاجتماعية,التعبير عن الاحتياجات,يعبر عن احتياجاته بوضوح.,هل يخبرك بما يريد؟,يعبر بطرق مناسبة.,أساسي,ASHA,,,,,,,,,,,,,,,,,,,,,,,,,,,,,,,,,,,,
KB01.xlsx,Age 2,CS018,التواصل والمهارات الاجتماعية,الاستمتاع بالأغاني,يشارك في الأغاني والحركات.,هل يشارك في الأغاني؟,يتفاعل مع الأغاني.,داعم,NIDCD,,,,,,,,,,,,,,,,,,,,,,,,,,,,,,,,,,,,
KB01.xlsx,Age 2,CS019,التواصل والمهارات الاجتماعية,فهم قواعد اللعب,يتبع قواعد بسيطة أثناء اللعب.,هل يتبع قواعد بسيطة؟,يلتزم بالتوجيهات.,مهم,ASHA,,,,,,,,,,,,,,,,,,,,,,,,,,,,,,,,,,,,
KB01.xlsx,Age 2,CS020,التواصل والمهارات الاجتماعية,الاستمتاع بالأنشطة الجماعية,يشارك في أنشطة جماعية قصيرة.,هل يستمتع بالأنشطة الجماعية؟,يشارك مع الآخرين.,داعم,CDC,,,,,,,,,,,,,,,,,,,,,,,,,,,,,,,,,,,,
KB01.xlsx,Age 2,SP001,النطق,نطق الأصوات المبكرة,ينطق أصواتًا مبكرة مثل م، ب، ت.,هل ينطق أصواتًا مثل م أو ب أو ت بوضوح؟,ينتج معظم الأصوات المبكرة.,أساسي,ASHA,,,,,,,,,,,,,,,,,,,,,,,,,,,,,,,,,,,,
KB01.xlsx,Age 2,SP002,النطق,وضوح الكلمات المألوفة,ينطق الكلمات اليومية بوضوح نسبي.,هل تفهم معظم كلماته المألوفة؟,يمكن فهم جزء كبير من كلامه.,أساسي,ASHA,,,,,,,,,,,,,,,,,,,,,,,,,,,,,,,,,,,,
KB01.xlsx,Age 2,SP003,النطق,تقليد الأصوات,يقلد أصوات الحيوانات والأشياء.,هل يقلد الأصوات التي يسمعها؟,يقلد أصواتًا متنوعة.,مهم,CDC,,,,,,,,,,,,,,,,,,,,,,,,,,,,,,,,,,,,
KB01.xlsx,Age 2,SP004,النطق,تقليد الكلمات,يعيد كلمات بسيطة بعد سماعها.,هل يكرر الكلمات بعدك؟,يكرر كلمات مألوفة.,مهم,ASHA,,,,,,,,,,,,,,,,,,,,,,,,,,,,,,,,,,,,
KB01.xlsx,Age 2,SP005,النطق,استخدام نبرة مناسبة,يغير نبرة صوته للتعبير.,هل يغير نبرة صوته أثناء الكلام؟,يستخدم نبرات بسيطة.,داعم,NIDCD,,,,,,,,,,,,,,,,,,,,,,,,,,,,,,,,,,,,
KB01.xlsx,Age 2,SP006,النطق,تقليل حذف الأصوات,ينطق الكلمة دون حذف معظم الأصوات.,هل يحذف أصواتًا كثيرة من الكلمات؟,يقل الحذف تدريجيًا.,مهم,ASHA,,,,,,,,,,,,,,,,,,,,,,,,,,,,,,,,,,,,
KB01.xlsx,Age 2,SP007,النطق,عدد المقاطع,ينطق كلمات من مقطعين.,هل ينطق كلمات مثل ماما أو سيارة؟,ينطق كلمات متعددة المقاطع.,مهم,CDC,,,,,,,,,,,,,,,,,,,,,,,,,,,,,,,,,,,,
KB01.xlsx,Age 2,SP008,النطق,التحكم بسرعة الكلام,يتحدث بسرعة مناسبة.,هل كلامه سريع جدًا أو بطيء جدًا؟,سرعة مناسبة لعمره.,داعم,ASHA,,,,,,,,,,,,,,,,,,,,,,,,,,,,,,,,,,,,
KB01.xlsx,Age 2,SP009,النطق,استخدام الصوت للتواصل,يستخدم صوته لجذب الانتباه والتواصل.,هل يستخدم صوته للتواصل؟,يعتمد على الكلام أكثر من الإشارة.,أساسي,CDC,,,,,,,,,,,,,,,,,,,,,,,,,,,,,,,,,,,,
KB01.xlsx,Age 2,SP010,النطق,وضوح الجمل القصيرة,يمكن فهم العبارات القصيرة.,هل يمكن فهم عباراته القصيرة؟,معظمها مفهوم.,أساسي,ASHA,,,,,,,,,,,,,,,,,,,,,,,,,,,,,,,,,,,,
KB01.xlsx,Age 2,SP011,النطق,تقليد الإيقاع,يقلد إيقاع الأغاني والكلمات.,هل يشارك في الأغاني؟,يقلد الإيقاع.,داعم,NIDCD,,,,,,,,,,,,,,,,,,,,,,,,,,,,,,,,,,,,
KB01.xlsx,Age 2,SP012,النطق,الاستجابة للتصحيح,يحاول إعادة الكلمة عند تصحيحها.,هل يحاول إعادة نطق الكلمة؟,يحاول تحسين النطق.,مهم,ASHA,,,,,,,,,,,,,,,,,,,,,,,,,,,,,,,,,,,,
KB01.xlsx,Age 2,SP013,النطق,التمييز بين الأصوات,يميز اختلاف بعض الأصوات.,هل يلاحظ اختلاف الأصوات البسيطة؟,يبدأ التمييز السمعي.,داعم,CDC,,,,,,,,,,,,,,,,,,,,,,,,,,,,,,,,,,,,
KB01.xlsx,Age 2,SP014,النطق,استخدام كلمات مفهومة,ينطق كلمات يمكن للوالدين فهمها.,هل يفهم أفراد الأسرة معظم كلامه؟,معظم الكلمات مفهومة.,أساسي,ASHA,,,,,,,,,,,,,,,,,,,,,,,,,,,,,,,,,,,,
KB01.xlsx,Age 2,SP015,النطق,المشاركة اللفظية اليومية,يستخدم الكلام يوميًا في مواقف مختلفة.,هل يستخدم الكلام يوميًا للتواصل؟,يتواصل لفظيًا بشكل متكرر.,أساسي,"ASHA, CDC",,,,,,,,,,,,,,,,,,,,,,,,,,,,,,,,,,,,
KB01.xlsx,References,,,,Communication Milestones,,,,ASHA,,,,,,,,,,,,,,,,,,,,,,,,,,,,,,,,,,,,
KB01.xlsx,References,,,,Developmental Milestones,,,,CDC,,,,,,,,,,,,,,,,,,,,,,,,,,,,,,,,,,,,
KB01.xlsx,References,,,,Speech and Language Development,,,,NIDCD,,,,,,,,,,,,,,,,,,,,,,,,,,,,,,,,,,,,
KB01.xlsx,Age 3,RL001,اللغة الاستقبالية,تنفيذ تعليمات من خطوتين,ينفذ تعليمات تتكون من خطوتين متتاليتين.,هل يستطيع تنفيذ أمرين متتاليين؟,ينفذ التعليمات دون مساعدة.,أساسي,"ASHA, CDC",,,,,,,,,,,,,,,,,,,,,,,,,,,,,,,,,,,,
KB01.xlsx,Age 3,RL002,اللغة الاستقبالية,فهم أسئلة من وماذا وأين,يفهم الأسئلة البسيطة ويستجيب لها.,هل يفهم أسئلة مثل من؟ ماذا؟ أين؟,يستجيب بشكل صحيح في أغلب الأحيان.,أساسي,ASHA,,,,,,,,,,,,,,,,,,,,,,,,,,,,,,,,,,,,
KB01.xlsx,Age 3,RL003,اللغة الاستقبالية,فهم مفاهيم المكان,يفهم كلمات مثل فوق، تحت، داخل، خارج.,هل يفهم مفاهيم المكان؟,يستخدمها في المواقف اليومية.,مهم,CDC,,,,,,,,,,,,,,,,,,,,,,,,,,,,,,,,,,,,
KB01.xlsx,Age 3,RL004,اللغة الاستقبالية,فهم مفاهيم الحجم,يميز بين كبير وصغير.,هل يميز بين كبير وصغير؟,يفهم المفهومين.,مهم,CDC,,,,,,,,,,,,,,,,,,,,,,,,,,,,,,,,,,,,
KB01.xlsx,Age 3,RL005,اللغة الاستقبالية,متابعة قصة قصيرة,يفهم أحداث قصة قصيرة.,هل يستطيع متابعة قصة قصيرة؟,يفهم الفكرة العامة.,مهم,ASHA,,,,,,,,,,,,,,,,,,,,,,,,,,,,,,,,,,,,
KB01.xlsx,Age 3,RL006,اللغة الاستقبالية,تمييز الألوان الأساسية,يتعرف على الألوان الأساسية.,هل يشير إلى اللون المطلوب؟,يميز عدة ألوان.,داعم,ASHA,,,,,,,,,,,,,,,,,,,,,,,,,,,,,,,,,,,,
KB01.xlsx,Age 3,RL007,اللغة الاستقبالية,تصنيف الأشياء,يصنف الأشياء حسب الفئة.,هل يجمع الأشياء المتشابهة؟,يصنف بطريقة صحيحة.,مهم,CDC,,,,,,,,,,,,,,,,,,,,,,,,,,,,,,,,,,,,
KB01.xlsx,Age 3,RL008,اللغة الاستقبالية,فهم استخدام الأشياء,يعرف استخدام الأدوات اليومية.,هل يعرف استخدام الملعقة أو الفرشاة؟,يفهم وظيفة الأشياء.,مهم,ASHA,,,,,,,,,,,,,,,,,,,,,,,,,,,,,,,,,,,,
KB01.xlsx,Age 3,RL009,اللغة الاستقبالية,فهم الضمائر البسيطة,يفهم أنا وأنت.,هل يفهم الضمائر البسيطة؟,يفرق بينها.,داعم,CDC,,,,,,,,,,,,,,,,,,,,,,,,,,,,,,,,,,,,
KB01.xlsx,Age 3,RL010,اللغة الاستقبالية,الانتباه للمحادثة,يحافظ على الانتباه أثناء الحديث.,هل ينتبه عند التحدث معه؟,ينتبه لفترة مناسبة.,أساسي,NIDCD,,,,,,,,,,,,,,,,,,,,,,,,,,,,,,,,,,,,
KB01.xlsx,Age 3,RL011,اللغة الاستقبالية,فهم التسلسل البسيط,يفهم ترتيب حدثين متتاليين.,هل يفهم ما يحدث أولًا ثم ثانيًا؟,يفهم التسلسل البسيط.,مهم,ASHA,,,,,,,,,,,,,,,,,,,,,,,,,,,,,,,,,,,,
KB01.xlsx,Age 3,RL012,اللغة الاستقبالية,فهم الأسئلة لماذا,يبدأ بفهم سؤال لماذا في المواقف البسيطة.,هل يفهم سؤال لماذا؟,يفهم الأسباب البسيطة.,داعم,CDC,,,,,,,,,,,,,,,,,,,,,,,,,,,,,,,,,,,,
KB01.xlsx,Age 3,RL013,اللغة الاستقبالية,فهم أسماء المهن,يتعرف على بعض المهن الشائعة.,هل يعرف الطبيب أو المعلم؟,يتعرف على المهن المألوفة.,داعم,ASHA,,,,,,,,,,,,,,,,,,,,,,,,,,,,,,,,,,,,
KB01.xlsx,Age 3,RL014,اللغة الاستقبالية,فهم العلاقات,يفهم مفاهيم مثل قبل وبعد.,هل يفهم قبل وبعد؟,يبدأ بفهمها.,داعم,CDC,,,,,,,,,,,,,,,,,,,,,,,,,,,,,,,,,,,,
KB01.xlsx,Age 3,RL015,اللغة الاستقبالية,فهم الأفعال اليومية,يفهم معاني الأفعال الشائعة.,هل يفهم كلمات مثل يجري أو ينام؟,يفهم الأفعال اليومية.,مهم,ASHA,,,,,,,,,,,,,,,,,,,,,,,,,,,,,,,,,,,,
KB01.xlsx,Age 3,RL016,اللغة الاستقبالية,فهم الضد,يبدأ بتمييز المفاهيم المتضادة.,هل يفهم طويل وقصير؟,يميز بعض الأضداد.,داعم,CDC,,,,,,,,,,,,,,,,,,,,,,,,,,,,,,,,,,,,
KB01.xlsx,Age 3,RL017,اللغة الاستقبالية,التعرف على الأصوات,يميز أصواتًا مألوفة.,هل يميز أصوات الحيوانات أو المركبات؟,يتعرف على الأصوات.,داعم,NIDCD,,,,,,,,,,,,,,,,,,,,,,,,,,,,,,,,,,,,
KB01.xlsx,Age 3,RL018,اللغة الاستقبالية,اتباع تعليمات الروضة,يتبع تعليمات المعلمة البسيطة.,هل يتبع تعليمات جماعية؟,يستجيب بشكل مناسب.,أساسي,ASHA,,,,,,,,,,,,,,,,,,,,,,,,,,,,,,,,,,,,
KB01.xlsx,Age 3,RL019,اللغة الاستقبالية,الاستجابة للأسئلة اليومية,يجيب أو يستجيب لأسئلة الحياة اليومية.,هل يستجيب لأسئلة الروتين؟,يفهم الأسئلة الشائعة.,مهم,CDC,,,,,,,,,,,,,,,,,,,,,,,,,,,,,,,,,,,,
KB01.xlsx,Age 3,RL020,اللغة الاستقبالية,فهم المحادثات القصيرة,يفهم مضمون محادثة قصيرة.,هل يفهم حديثًا قصيرًا بين شخصين؟,يفهم الفكرة العامة.,أساسي,"ASHA, NIDCD",,,,,,,,,,,,,,,,,,,,,,,,,,,,,,,,,,,,
KB01.xlsx,Age 3,EL001,اللغة التعبيرية,استخدام جمل من 3-4 كلمات,يعبر بجمل قصيرة مناسبة لعمره.,هل يستخدم جملًا من 3 إلى 4 كلمات؟,يستخدم جملًا قصيرة بانتظام.,أساسي,"ASHA, CDC",,,,,,,,,,,,,,,,,,,,,,,,,,,,,,,,,,,,
KB01.xlsx,Age 3,EL002,اللغة التعبيرية,زيادة المفردات,تزداد حصيلته اللغوية باستمرار.,هل يكتسب كلمات جديدة أسبوعيًا؟,يزداد عدد المفردات تدريجيًا.,أساسي,ASHA,,,,,,,,,,,,,,,,,,,,,,,,,,,,,,,,,,,,
KB01.xlsx,Age 3,EL003,اللغة التعبيرية,وصف الأشياء,يصف اللون أو الحجم أو الوظيفة.,هل يستطيع وصف الأشياء البسيطة؟,يستخدم صفات بسيطة.,مهم,ASHA,,,,,,,,,,,,,,,,,,,,,,,,,,,,,,,,,,,,
KB01.xlsx,Age 3,EL004,اللغة التعبيرية,ذكر الاسم الكامل,يذكر اسمه عند السؤال.,هل يذكر اسمه؟,يجيب باسمه.,مهم,CDC,,,,,,,,,,,,,,,,,,,,,,,,,,,,,,,,,,,,
KB01.xlsx,Age 3,EL005,اللغة التعبيرية,ذكر العمر,يعبر عن عمره بالكلام.,هل يستطيع قول عمره؟,يعرف عمره.,داعم,CDC,,,,,,,,,,,,,,,,,,,,,,,,,,,,,,,,,,,,
KB01.xlsx,Age 3,EL006,اللغة التعبيرية,استخدام الضمائر,يستخدم أنا، أنت، هو بشكل مناسب.,هل يستخدم الضمائر؟,يستخدمها غالبًا بشكل صحيح.,مهم,ASHA,,,,,,,,,,,,,,,,,,,,,,,,,,,,,,,,,,,,
KB01.xlsx,Age 3,EL007,اللغة التعبيرية,استخدام الأفعال,يستخدم أفعالًا متنوعة.,هل يستخدم أفعالًا مثل يلعب ويأكل؟,يعبر بالأفعال اليومية.,مهم,ASHA,,,,,,,,,,,,,,,,,,,,,,,,,,,,,,,,,,,,
KB01.xlsx,Age 3,EL008,اللغة التعبيرية,الإجابة بجملة,يجيب بجملة قصيرة بدل كلمة واحدة.,هل يجيب بجملة قصيرة؟,يعطي إجابات مفهومة.,أساسي,ASHA,,,,,,,,,,,,,,,,,,,,,,,,,,,,,,,,,,,,
KB01.xlsx,Age 3,EL009,اللغة التعبيرية,طرح أسئلة بسيطة,يسأل ماذا أو أين.,هل يطرح أسئلة بسيطة؟,يبادر بالأسئلة.,داعم,CDC,,,,,,,,,,,,,,,,,,,,,,,,,,,,,,,,,,,,
KB01.xlsx,Age 3,EL010,اللغة التعبيرية,التعبير عن الاحتياجات,يعبر لفظيًا عن احتياجاته.,هل يطلب ما يحتاجه بالكلام؟,يعبر بوضوح.,أساسي,ASHA,,,,,,,,,,,,,,,,,,,,,,,,,,,,,,,,,,,,
KB01.xlsx,Age 3,EL011,اللغة التعبيرية,التحدث أثناء اللعب,يستخدم اللغة في اللعب.,هل يتحدث أثناء اللعب؟,يتواصل مع الآخرين.,مهم,ASHA,,,,,,,,,,,,,,,,,,,,,,,,,,,,,,,,,,,,
KB01.xlsx,Age 3,EL012,اللغة التعبيرية,وصف الصور,يصف ما يراه في صورة.,هل يصف الصور؟,يستخدم جملًا بسيطة.,مهم,ASHA,,,,,,,,,,,,,,,,,,,,,,,,,,,,,,,,,,,,
KB01.xlsx,Age 3,EL013,اللغة التعبيرية,التعبير عن المشاعر,يعبر عن الفرح أو الحزن.,هل يخبرك كيف يشعر؟,يستخدم كلمات للمشاعر.,داعم,NIDCD,,,,,,,,,,,,,,,,,,,,,,,,,,,,,,,,,,,,
KB01.xlsx,Age 3,EL014,اللغة التعبيرية,تسمية الألوان,يسمي الألوان الأساسية.,هل يسمي الألوان؟,يعرف عدة ألوان.,داعم,CDC,,,,,,,,,,,,,,,,,,,,,,,,,,,,,,,,,,,,
KB01.xlsx,Age 3,EL015,اللغة التعبيرية,تسمية الحيوانات,يسمي الحيوانات المألوفة.,هل يسمي الحيوانات؟,يعرف أسماءها.,داعم,ASHA,,,,,,,,,,,,,,,,,,,,,,,,,,,,,,,,,,,,
KB01.xlsx,Age 3,EL016,اللغة التعبيرية,رواية حدث بسيط,يخبر بما حدث خلال اليوم.,هل يروي حدثًا بسيطًا؟,يروي أحداثًا قصيرة.,مهم,ASHA,,,,,,,,,,,,,,,,,,,,,,,,,,,,,,,,,,,,
KB01.xlsx,Age 3,EL017,اللغة التعبيرية,استخدام كلمات المكان,يستخدم فوق وتحت.,هل يستخدم كلمات المكان؟,يعبر بها بشكل صحيح.,داعم,CDC,,,,,,,,,,,,,,,,,,,,,,,,,,,,,,,,,,,,
KB01.xlsx,Age 3,EL018,اللغة التعبيرية,التعبير عن الاختيار,يذكر ما يفضله.,هل يعبر عن اختياراته؟,يستخدم جملًا بسيطة.,مهم,ASHA,,,,,,,,,,,,,,,,,,,,,,,,,,,,,,,,,,,,
KB01.xlsx,Age 3,EL019,اللغة التعبيرية,استخدام مفردات جديدة,يدمج كلمات جديدة في حديثه.,هل يستخدم كلمات جديدة؟,يزداد التنوع اللغوي.,مهم,ASHA,,,,,,,,,,,,,,,,,,,,,,,,,,,,,,,,,,,,
KB01.xlsx,Age 3,EL020,اللغة التعبيرية,بدء المحادثة,يبادر ببدء الحديث.,هل يبدأ الحديث مع الآخرين؟,يبادر بالتواصل.,أساسي,"ASHA, CDC",,,,,,,,,,,,,,,,,,,,,,,,,,,,,,,,,,,,
KB01.xlsx,Age 3,CS001,التواصل والمهارات الاجتماعية,بدء المحادثة,يبادر بالتحدث مع الآخرين.,هل يبدأ الحديث من تلقاء نفسه؟,يبادر بالمحادثة في مواقف مألوفة.,أساسي,ASHA,,,,,,,,,,,,,,,,,,,,,,,,,,,,,,,,,,,,
KB01.xlsx,Age 3,CS002,التواصل والمهارات الاجتماعية,المحافظة على الحوار,يستمر في تبادل الحديث لعدة جمل.,هل يستطيع الاستمرار في محادثة قصيرة؟,يتبادل عدة جمل.,أساسي,ASHA,,,,,,,,,,,,,,,,,,,,,,,,,,,,,,,,,,,,
KB01.xlsx,Age 3,CS003,التواصل والمهارات الاجتماعية,التواصل البصري,يحافظ على التواصل البصري أثناء الحديث.,هل يحافظ على التواصل البصري؟,مناسب لعمره.,مهم,CDC,,,,,,,,,,,,,,,,,,,,,,,,,,,,,,,,,,,,
KB01.xlsx,Age 3,CS004,التواصل والمهارات الاجتماعية,تبادل الأدوار,ينتظر دوره في الحديث أو اللعب.,هل ينتظر دوره؟,يتبادل الأدوار.,أساسي,ASHA,,,,,,,,,,,,,,,,,,,,,,,,,,,,,,,,,,,,
KB01.xlsx,Age 3,CS005,التواصل والمهارات الاجتماعية,طلب المساعدة,يطلب المساعدة لفظيًا.,هل يطلب المساعدة عند الحاجة؟,يعبر عن حاجته.,مهم,CDC,,,,,,,,,,,,,,,,,,,,,,,,,,,,,,,,,,,,
KB01.xlsx,Age 3,CS006,التواصل والمهارات الاجتماعية,التفاعل مع الأطفال,يلعب ويتفاعل مع الأطفال.,هل يتفاعل مع الأطفال الآخرين؟,يشارك في اللعب.,أساسي,ASHA,,,,,,,,,,,,,,,,,,,,,,,,,,,,,,,,,,,,
KB01.xlsx,Age 3,CS007,التواصل والمهارات الاجتماعية,التعبير عن المشاعر,يعبر عن مشاعره بكلمات.,هل يخبرك إذا كان سعيدًا أو حزينًا؟,يعبر عن مشاعره.,مهم,NIDCD,,,,,,,,,,,,,,,,,,,,,,,,,,,,,,,,,,,,
KB01.xlsx,Age 3,CS008,التواصل والمهارات الاجتماعية,استخدام عبارات مهذبة,يستخدم كلمات مثل لو سمحت وشكرًا.,هل يستخدم عبارات مهذبة؟,يستخدمها في المواقف اليومية.,داعم,CDC,,,,,,,,,,,,,,,,,,,,,,,,,,,,,,,,,,,,
KB01.xlsx,Age 3,CS009,التواصل والمهارات الاجتماعية,المشاركة في اللعب التخيلي,يشارك في لعب الأدوار.,هل يشارك في اللعب التخيلي؟,يستخدم اللغة أثناء اللعب.,مهم,ASHA,,,,,,,,,,,,,,,,,,,,,,,,,,,,,,,,,,,,
KB01.xlsx,Age 3,CS010,التواصل والمهارات الاجتماعية,الاستجابة للأسئلة,يستجيب للأسئلة الاجتماعية.,هل يجيب عندما يُسأل؟,يجيب بإجابات مناسبة.,أساسي,ASHA,,,,,,,,,,,,,,,,,,,,,,,,,,,,,,,,,,,,
KB01.xlsx,Age 3,CS011,التواصل والمهارات الاجتماعية,لفت الانتباه,يجذب انتباه الآخرين بطريقة مناسبة.,هل يحاول جذب انتباهك بالكلام؟,يستخدم التواصل اللفظي.,داعم,CDC,,,,,,,,,,,,,,,,,,,,,,,,,,,,,,,,,,,,
KB01.xlsx,Age 3,CS012,التواصل والمهارات الاجتماعية,المشاركة بالأفكار,يشارك ما يراه أو يفكر فيه.,هل يخبرك بما يشاهده؟,يبادر بالمشاركة.,مهم,ASHA,,,,,,,,,,,,,,,,,,,,,,,,,,,,,,,,,,,,
KB01.xlsx,Age 3,CS013,التواصل والمهارات الاجتماعية,التفاعل مع الأغاني,يشارك في الأغاني والحركات.,هل يشارك في الأغاني؟,يتفاعل مع الأنشطة الجماعية.,داعم,NIDCD,,,,,,,,,,,,,,,,,,,,,,,,,,,,,,,,,,,,
KB01.xlsx,Age 3,CS014,التواصل والمهارات الاجتماعية,فهم قواعد اللعب,يتبع قواعد لعب بسيطة.,هل يتبع قواعد اللعبة؟,يلتزم بالتعليمات.,مهم,ASHA,,,,,,,,,,,,,,,,,,,,,,,,,,,,,,,,,,,,
KB01.xlsx,Age 3,CS015,التواصل والمهارات الاجتماعية,التعاون,يتعاون مع الآخرين في نشاط بسيط.,هل يتعاون أثناء اللعب؟,يشارك مع الآخرين.,داعم,CDC,,,,,,,,,,,,,,,,,,,,,,,,,,,,,,,,,,,,
KB01.xlsx,Age 3,CS016,التواصل والمهارات الاجتماعية,استخدام الإيماءات,يدعم كلامه بالإشارات.,هل يستخدم الإشارة مع الكلام؟,يجمع بين الإشارة والكلام.,داعم,ASHA,,,,,,,,,,,,,,,,,,,,,,,,,,,,,,,,,,,,
KB01.xlsx,Age 3,CS017,التواصل والمهارات الاجتماعية,الاستجابة للنداء,يستجيب عند مناداته.,هل يستجيب عند مناداته؟,يستجيب بسرعة.,أساسي,CDC,,,,,,,,,,,,,,,,,,,,,,,,,,,,,,,,,,,,
KB01.xlsx,Age 3,CS018,التواصل والمهارات الاجتماعية,التعبير عن الرغبات,يعبر عما يريده بوضوح.,هل يخبرك بما يريد؟,يعبر لفظيًا.,أساسي,ASHA,,,,,,,,,,,,,,,,,,,,,,,,,,,,,,,,,,,,
KB01.xlsx,Age 3,CS019,التواصل والمهارات الاجتماعية,الاستمتاع بالأنشطة الجماعية,يشارك في الأنشطة الجماعية.,هل يستمتع بالأنشطة الجماعية؟,يشارك مع المجموعة.,داعم,CDC,,,,,,,,,,,,,,,,,,,,,,,,,,,,,,,,,,,,
KB01.xlsx,Age 3,CS020,التواصل والمهارات الاجتماعية,الاستماع للآخرين,ينتظر وينصت عندما يتحدث الآخرون.,هل يستمع عندما يتحدث الآخرون؟,يظهر مهارات استماع مناسبة.,مهم,ASHA,,,,,,,,,,,,,,,,,,,,,,,,,,,,,,,,,,,,
KB01.xlsx,Age 3,SP001,النطق,وضوح الكلام,ينطق معظم الكلمات بوضوح مناسب لعمره.,هل يستطيع أفراد الأسرة فهم معظم كلامه؟,يمكن فهم معظم كلامه.,أساسي,ASHA,,,,,,,,,,,,,,,,,,,,,,,,,,,,,,,,,,,,
KB01.xlsx,Age 3,SP002,النطق,نطق الأصوات الشائعة,ينطق الأصوات المبكرة والمتوسطة بصورة صحيحة.,هل ينطق معظم الأصوات الشائعة بوضوح؟,ينطق أغلبها بشكل صحيح.,أساسي,ASHA,,,,,,,,,,,,,,,,,,,,,,,,,,,,,,,,,,,,
KB01.xlsx,Age 3,SP003,النطق,تقليد الكلمات الجديدة,يعيد نطق كلمات جديدة بعد سماعها.,هل يقلد كلمات جديدة؟,يكرر كلمات جديدة بسهولة.,مهم,CDC,,,,,,,,,,,,,,,,,,,,,,,,,,,,,,,,,,,,
KB01.xlsx,Age 3,SP004,النطق,تقليد الجمل القصيرة,يكرر جملًا قصيرة.,هل يستطيع تكرار جملة قصيرة؟,يكررها دون صعوبة.,مهم,ASHA,,,,,,,,,,,,,,,,,,,,,,,,,,,,,,,,,,,,
KB01.xlsx,Age 3,SP005,النطق,التحكم بسرعة الكلام,يتحدث بسرعة مناسبة.,هل سرعة كلامه مناسبة؟,سرعة متوازنة.,داعم,NIDCD,,,,,,,,,,,,,,,,,,,,,,,,,,,,,,,,,,,,
KB01.xlsx,Age 3,SP006,النطق,استخدام نبرة الصوت,يغير نبرة صوته للتعبير.,هل يستخدم نبرة مختلفة عند السؤال أو التعجب؟,تظهر تنوعًا في النبرة.,داعم,ASHA,,,,,,,,,,,,,,,,,,,,,,,,,,,,,,,,,,,,
KB01.xlsx,Age 3,SP007,النطق,تقليل الأخطاء الصوتية,تقل الأخطاء في نطق الكلمات.,هل تقل أخطاء النطق مقارنة بالسابق؟,يتحسن النطق تدريجيًا.,مهم,ASHA,,,,,,,,,,,,,,,,,,,,,,,,,,,,,,,,,,,,
KB01.xlsx,Age 3,SP008,النطق,وضوح الجمل,يمكن فهم الجمل القصيرة بسهولة.,هل يفهم الآخرون جمله؟,معظم الجمل مفهومة.,أساسي,CDC,,,,,,,,,,,,,,,,,,,,,,,,,,,,,,,,,,,,
KB01.xlsx,Age 3,SP009,النطق,التمييز بين الأصوات,يميز أصوات الكلمات المختلفة.,هل يميز بين أصوات متقاربة؟,يبدأ بالتمييز السمعي.,داعم,NIDCD,,,,,,,,,,,,,,,,,,,,,,,,,,,,,,,,,,,,
KB01.xlsx,Age 3,SP010,النطق,المشاركة اللفظية,يستخدم الكلام باستمرار أثناء الأنشطة.,هل يتحدث أثناء اللعب والأنشطة؟,يستخدم اللغة تلقائيًا.,مهم,ASHA,,,,,,,,,,,,,,,,,,,,,,,,,,,,,,,,,,,,
KB01.xlsx,Age 3,SP011,النطق,التعبير الصوتي,يعبر بصوته عن الفرح أو الحماس.,هل يغير صوته للتعبير عن المشاعر؟,يعبر صوتيًا.,داعم,CDC,,,,,,,,,,,,,,,,,,,,,,,,,,,,,,,,,,,,
KB01.xlsx,Age 3,SP012,النطق,إعادة المحاولة,يحاول إعادة نطق الكلمة عند عدم فهمها.,هل يعيد الكلمة إذا لم تُفهم؟,يبذل محاولة للتصحيح.,مهم,ASHA,,,,,,,,,,,,,,,,,,,,,,,,,,,,,,,,,,,,
KB01.xlsx,Age 3,SP013,النطق,التحدث بجمل مفهومة,ينطق جملًا يفهمها معظم الأشخاص.,هل يفهم الأشخاص غير المقربين كلامه غالبًا؟,كلامه مفهوم بدرجة جيدة.,أساسي,ASHA,,,,,,,,,,,,,,,,,,,,,,,,,,,,,,,,,,,,
KB01.xlsx,Age 3,SP014,النطق,استخدام الصوت للتواصل,يعتمد على الكلام أكثر من الإشارة.,هل يستخدم الكلام للتواصل في أغلب المواقف؟,يعتمد على التواصل اللفظي.,أساسي,CDC,,,,,,,,,,,,,,,,,,,,,,,,,,,,,,,,,,,,
KB01.xlsx,Age 3,SP015,النطق,الثقة في التحدث,يتحدث بثقة في المواقف اليومية.,هل يتحدث دون تردد في المواقف المألوفة؟,يتحدث بثقة مناسبة.,داعم,ASHA,,,,,,,,,,,,,,,,,,,,,,,,,,,,,,,,,,,,
KB01.xlsx,Age 4,EL001,اللغة التعبيرية,استخدام جمل كاملة,يعبر بجمل كاملة ومترابطة.,هل يستخدم جملًا كاملة عند الحديث؟,يتحدث بجمل واضحة.,أساسي,ASHA,,,,,,,,,,,,,,,,,,,,,,,,,,,,,,,,,,,,
KB01.xlsx,Age 4,EL002,اللغة التعبيرية,رواية قصة قصيرة,يروي أحداثًا بترتيب منطقي.,هل يستطيع رواية قصة قصيرة؟,يرتب الأحداث بصورة صحيحة.,أساسي,ASHA,,,,,,,,,,,,,,,,,,,,,,,,,,,,,,,,,,,,
KB01.xlsx,Age 4,EL003,اللغة التعبيرية,وصف الأشخاص,يصف الأشخاص باستخدام صفات بسيطة.,هل يصف الأشخاص؟,يستخدم صفات مناسبة.,مهم,CDC,,,,,,,,,,,,,,,,,,,,,,,,,,,,,,,,,,,,
KB01.xlsx,Age 4,EL004,اللغة التعبيرية,وصف الأماكن,يعبر عن المكان وما يحتويه.,هل يصف مكانًا مألوفًا؟,يستخدم مفردات متنوعة.,مهم,ASHA,,,,,,,,,,,,,,,,,,,,,,,,,,,,,,,,,,,,
KB01.xlsx,Age 4,EL005,اللغة التعبيرية,التعبير عن السبب,يشرح سببًا بسيطًا لحدث ما.,هل يجيب عن سؤال لماذا؟,يقدم تفسيرًا بسيطًا.,أساسي,ASHA,,,,,,,,,,,,,,,,,,,,,,,,,,,,,,,,,,,,
KB01.xlsx,Age 4,EL006,اللغة التعبيرية,استخدام أزمنة بسيطة,يستخدم الماضي والحاضر بصورة أولية.,هل يستخدم كلمات تدل على الزمن؟,يستخدمها غالبًا بشكل صحيح.,مهم,CDC,,,,,,,,,,,,,,,,,,,,,,,,,,,,,,,,,,,,
KB01.xlsx,Age 4,EL007,اللغة التعبيرية,استخدام الضمائر,يستخدم الضمائر بشكل صحيح.,هل يستخدم هو، هي، نحن؟,استخدام مناسب.,مهم,ASHA,,,,,,,,,,,,,,,,,,,,,,,,,,,,,,,,,,,,
KB01.xlsx,Age 4,EL008,اللغة التعبيرية,طرح أسئلة متنوعة,يسأل لماذا وكيف ومتى.,هل يطرح أسئلة متنوعة؟,يبادر بالأسئلة.,داعم,ASHA,,,,,,,,,,,,,,,,,,,,,,,,,,,,,,,,,,,,
KB01.xlsx,Age 4,EL009,اللغة التعبيرية,التعبير عن المشاعر,يعبر عن مشاعره وأسبابها.,هل يصف شعوره؟,يعبر لفظيًا.,مهم,NIDCD,,,,,,,,,,,,,,,,,,,,,,,,,,,,,,,,,,,,
KB01.xlsx,Age 4,EL010,اللغة التعبيرية,إعطاء تعليمات,يشرح للآخرين كيف يقومون بمهمة بسيطة.,هل يستطيع إعطاء تعليمات؟,يشرح بخطوات بسيطة.,مهم,ASHA,,,,,,,,,,,,,,,,,,,,,,,,,,,,,,,,,,,,
KB01.xlsx,Age 4,EL011,اللغة التعبيرية,استخدام مفردات جديدة,يدمج كلمات جديدة في حديثه.,هل يستخدم كلمات جديدة؟,تزداد حصيلته اللغوية.,مهم,ASHA,,,,,,,,,,,,,,,,,,,,,,,,,,,,,,,,,,,,
KB01.xlsx,Age 4,EL012,اللغة التعبيرية,وصف الصور,يصف تفاصيل صورة.,هل يصف ما يراه في صورة؟,يستخدم جملًا متعددة.,مهم,CDC,,,,,,,,,,,,,,,,,,,,,,,,,,,,,,,,,,,,
KB01.xlsx,Age 4,EL013,اللغة التعبيرية,المقارنة بين الأشياء,يقارن بين شيئين.,هل يقارن بين الأشياء؟,يستخدم كلمات المقارنة.,داعم,ASHA,,,,,,,,,,,,,,,,,,,,,,,,,,,,,,,,,,,,
KB01.xlsx,Age 4,EL014,اللغة التعبيرية,استخدام كلمات المكان,يستخدم أمام وخلف وبجانب.,هل يستخدم مفاهيم المكان؟,يستخدمها بشكل صحيح.,داعم,CDC,,,,,,,,,,,,,,,,,,,,,,,,,,,,,,,,,,,,
KB01.xlsx,Age 4,EL015,اللغة التعبيرية,استخدام كلمات الزمن,يستخدم أمس واليوم وغدًا.,هل يستخدم مفاهيم الزمن؟,استخدام مناسب للعمر.,داعم,ASHA,,,,,,,,,,,,,,,,,,,,,,,,,,,,,,,,,,,,
KB01.xlsx,Age 4,EL016,اللغة التعبيرية,التحدث بثقة,يتحدث أمام أفراد الأسرة بثقة.,هل يتحدث دون تردد؟,يعبر بحرية.,داعم,CDC,,,,,,,,,,,,,,,,,,,,,,,,,,,,,,,,,,,,
KB01.xlsx,Age 4,EL017,اللغة التعبيرية,إعادة سرد قصة,يعيد سرد قصة سمعها.,هل يعيد سرد قصة؟,يحافظ على التسلسل.,أساسي,ASHA,,,,,,,,,,,,,,,,,,,,,,,,,,,,,,,,,,,,
KB01.xlsx,Age 4,EL018,اللغة التعبيرية,تسمية الأشكال,يسمي الأشكال الأساسية.,هل يسمي الدائرة والمربع؟,يعرف الأشكال الشائعة.,داعم,CDC,,,,,,,,,,,,,,,,,,,,,,,,,,,,,,,,,,,,
KB01.xlsx,Age 4,EL019,اللغة التعبيرية,التعبير عن الرأي,يعبر عما يفضله ولماذا.,هل يشرح سبب اختياره؟,يقدم سببًا بسيطًا.,مهم,ASHA,,,,,,,,,,,,,,,,,,,,,,,,,,,,,,,,,,,,
KB01.xlsx,Age 4,EL020,اللغة التعبيرية,بدء محادثة,يبادر بفتح موضوع جديد.,هل يبدأ الحديث مع الآخرين؟,يبادر بالمحادثة.,أساسي,"ASHA, CDC",,,,,,,,,,,,,,,,,,,,,,,,,,,,,,,,,,,,
KB01.xlsx,Age 4,RL001,اللغة الاستقبالية,تنفيذ تعليمات من ثلاث خطوات,ينفذ تعليمات مكونة من ثلاث خطوات.,هل يستطيع تنفيذ ثلاثة أوامر متتالية؟,ينفذ التعليمات بدقة.,أساسي,"ASHA, CDC",,,,,,,,,,,,,,,,,,,,,,,,,,,,,,,,,,,,
KB01.xlsx,Age 4,RL002,اللغة الاستقبالية,فهم أسئلة لماذا وكيف,يفهم الأسئلة التفسيرية.,هل يفهم أسئلة لماذا وكيف؟,يفهم ويستجيب بصورة مناسبة.,أساسي,ASHA,,,,,,,,,,,,,,,,,,,,,,,,,,,,,,,,,,,,
KB01.xlsx,Age 4,RL003,اللغة الاستقبالية,فهم القصص الأطول,يتابع قصة متعددة الأحداث.,هل يتابع قصة أطول؟,يفهم الفكرة العامة.,مهم,ASHA,,,,,,,,,,,,,,,,,,,,,,,,,,,,,,,,,,,,
KB01.xlsx,Age 4,RL004,اللغة الاستقبالية,فهم التسلسل الزمني,يفهم أولًا ثم ثم أخيرًا.,هل يفهم ترتيب الأحداث؟,يرتب الأحداث.,مهم,CDC,,,,,,,,,,,,,,,,,,,,,,,,,,,,,,,,,,,,
KB01.xlsx,Age 4,RL005,اللغة الاستقبالية,فهم السبب والنتيجة,يربط السبب بالنتيجة.,هل يفهم سبب حدوث المواقف؟,يقدم تفسيرًا بسيطًا.,أساسي,ASHA,,,,,,,,,,,,,,,,,,,,,,,,,,,,,,,,,,,,
KB01.xlsx,Age 4,RL006,اللغة الاستقبالية,فهم مفاهيم الزمن,يفهم أمس واليوم وغدًا.,هل يميز مفاهيم الزمن؟,يفهمها غالبًا.,مهم,CDC,,,,,,,,,,,,,,,,,,,,,,,,,,,,,,,,,,,,
KB01.xlsx,Age 4,RL007,اللغة الاستقبالية,فهم المقارنة,يميز أكبر وأصغر.,هل يقارن بين الأشياء؟,يقارن بصورة صحيحة.,مهم,ASHA,,,,,,,,,,,,,,,,,,,,,,,,,,,,,,,,,,,,
KB01.xlsx,Age 4,RL008,اللغة الاستقبالية,فهم العلاقات المكانية,يفهم أمام وخلف وبجانب.,هل يفهم العلاقات المكانية؟,يستجيب بشكل صحيح.,مهم,CDC,,,,,,,,,,,,,,,,,,,,,,,,,,,,,,,,,,,,
KB01.xlsx,Age 4,RL009,اللغة الاستقبالية,فهم الكمية,يفهم أكثر وأقل.,هل يميز أكثر وأقل؟,يفهم المفهوم.,داعم,ASHA,,,,,,,,,,,,,,,,,,,,,,,,,,,,,,,,,,,,
KB01.xlsx,Age 4,RL010,اللغة الاستقبالية,اتباع تعليمات الروضة,يتبع التعليمات الجماعية.,هل يتبع تعليمات الفصل؟,يلتزم بالتعليمات.,أساسي,CDC,,,,,,,,,,,,,,,,,,,,,,,,,,,,,,,,,,,,
KB01.xlsx,Age 4,RL011,اللغة الاستقبالية,فهم وصف الأشياء,يتعرف على الشيء من وصفه.,هل يعرف الشيء من وصفه؟,يحدد الشيء الصحيح.,مهم,ASHA,,,,,,,,,,,,,,,,,,,,,,,,,,,,,,,,,,,,
KB01.xlsx,Age 4,RL012,اللغة الاستقبالية,فهم المهن,يعرف المهن ووظائفها.,هل يعرف وظيفة الطبيب؟,يربط المهنة بوظيفتها.,داعم,CDC,,,,,,,,,,,,,,,,,,,,,,,,,,,,,,,,,,,,
KB01.xlsx,Age 4,RL013,اللغة الاستقبالية,فهم المشاعر,يفهم المشاعر من المواقف.,هل يميز المشاعر؟,يتعرف عليها.,مهم,ASHA,,,,,,,,,,,,,,,,,,,,,,,,,,,,,,,,,,,,
KB01.xlsx,Age 4,RL014,اللغة الاستقبالية,فهم الضمائر,يفهم هو وهي.,هل يفهم الضمائر؟,يستخدمها بصورة صحيحة.,داعم,CDC,,,,,,,,,,,,,,,,,,,,,,,,,,,,,,,,,,,,
KB01.xlsx,Age 4,RL015,اللغة الاستقبالية,فهم الأسئلة المفتوحة,يجيب عن أسئلة تحتاج شرحًا.,هل يجيب بإجابات مفصلة؟,يقدم إجابات مناسبة.,أساسي,ASHA,,,,,,,,,,,,,,,,,,,,,,,,,,,,,,,,,,,,
KB01.xlsx,Age 4,RL016,اللغة الاستقبالية,التصنيف,يصنف الأشياء.,هل يصنف الأشياء؟,يصنف بدقة.,مهم,CDC,,,,,,,,,,,,,,,,,,,,,,,,,,,,,,,,,,,,
KB01.xlsx,Age 4,RL017,اللغة الاستقبالية,فهم قواعد اللعب,يفهم تعليمات اللعبة.,هل يفهم قواعد اللعب؟,يلتزم بها.,داعم,ASHA,,,,,,,,,,,,,,,,,,,,,,,,,,,,,,,,,,,,
KB01.xlsx,Age 4,RL018,اللغة الاستقبالية,فهم المفردات الجديدة,يفهم كلمات جديدة.,هل يفهم كلمات جديدة؟,يتعلمها من السياق.,مهم,ASHA,,,,,,,,,,,,,,,,,,,,,,,,,,,,,,,,,,,,
KB01.xlsx,Age 4,RL019,اللغة الاستقبالية,فهم الحوار,يفهم محادثة قصيرة.,هل يفهم الحوار؟,يفهم المعنى العام.,مهم,NIDCD,,,,,,,,,,,,,,,,,,,,,,,,,,,,,,,,,,,,
KB01.xlsx,Age 4,RL020,اللغة الاستقبالية,فهم التعليمات المركبة,ينفذ تعليمات مركبة.,هل ينفذ تعليمات مركبة؟,ينفذها بدقة.,أساسي,"ASHA, CDC",,,,,,,,,,,,,,,,,,,,,,,,,,,,,,,,,,,,
KB01.xlsx,Age 4,CS001,التواصل والمهارات الاجتماعية,بدء المحادثة,يبادر بالمحادثة.,هل يبدأ الحديث مع الآخرين؟,يبادر غالبًا.,أساسي,ASHA,,,,,,,,,,,,,,,,,,,,,,,,,,,,,,,,,,,,
KB01.xlsx,Age 4,CS002,التواصل والمهارات الاجتماعية,استمرار الحوار,يحافظ على الحوار.,هل يستمر في محادثة قصيرة؟,يتبادل عدة جمل.,أساسي,ASHA,,,,,,,,,,,,,,,,,,,,,,,,,,,,,,,,,,,,
KB01.xlsx,Age 4,CS003,التواصل والمهارات الاجتماعية,التعاون,يتعاون مع الآخرين.,هل يتعاون أثناء اللعب؟,يتعاون في الأنشطة.,مهم,CDC,,,,,,,,,,,,,,,,,,,,,,,,,,,,,,,,,,,,
KB01.xlsx,Age 4,CS004,التواصل والمهارات الاجتماعية,حل المشكلات بالكلام,يحاول حل الخلافات بالكلام.,هل يستخدم الكلام لحل الخلاف؟,يعبر لفظيًا.,مهم,ASHA,,,,,,,,,,,,,,,,,,,,,,,,,,,,,,,,,,,,
KB01.xlsx,Age 4,CS005,التواصل والمهارات الاجتماعية,استخدام عبارات مهذبة,يستخدم لو سمحت وشكرًا.,هل يستخدم عبارات مهذبة؟,يستخدمها باستمرار.,داعم,CDC,,,,,,,,,,,,,,,,,,,,,,,,,,,,,,,,,,,,
KB01.xlsx,Age 4,CS006,التواصل والمهارات الاجتماعية,التعبير عن الرأي,يعبر عن رأيه.,هل يذكر رأيه؟,يقدم رأيًا بسيطًا.,مهم,ASHA,,,,,,,,,,,,,,,,,,,,,,,,,,,,,,,,,,,,
KB01.xlsx,Age 4,CS007,التواصل والمهارات الاجتماعية,المشاركة الجماعية,يشارك في الأنشطة الجماعية.,هل يشارك مع المجموعة؟,يتفاعل مع الآخرين.,أساسي,CDC,,,,,,,,,,,,,,,,,,,,,,,,,,,,,,,,,,,,
KB01.xlsx,Age 4,CS008,التواصل والمهارات الاجتماعية,فهم مشاعر الآخرين,يلاحظ مشاعر الآخرين.,هل يتعاطف مع الآخرين؟,يبدي تعاطفًا بسيطًا.,داعم,ASHA,,,,,,,,,,,,,,,,,,,,,,,,,,,,,,,,,,,,
KB01.xlsx,Age 4,CS009,التواصل والمهارات الاجتماعية,الاستماع,ينصت للمتحدث.,هل يستمع حتى النهاية؟,ينتظر دوره.,مهم,ASHA,,,,,,,,,,,,,,,,,,,,,,,,,,,,,,,,,,,,
KB01.xlsx,Age 4,CS010,التواصل والمهارات الاجتماعية,اللعب التخيلي,يشارك في لعب الأدوار.,هل يشارك في اللعب التخيلي؟,يستخدم اللغة في اللعب.,مهم,ASHA,,,,,,,,,,,,,,,,,,,,,,,,,,,,,,,,,,,,
KB01.xlsx,Age 4,CS011,التواصل والمهارات الاجتماعية,التعبير عن المشاعر,يعبر عن مشاعره بوضوح.,هل يخبرك عندما يكون سعيدًا أو منزعجًا؟,يعبر لفظيًا عن مشاعره.,مهم,ASHA,,,,,,,,,,,,,,,,,,,,,,,,,,,,,,,,,,,,
KB01.xlsx,Age 4,CS012,التواصل والمهارات الاجتماعية,طلب التوضيح,يطلب توضيحًا عند عدم الفهم.,هل يسأل عندما لا يفهم؟,يبادر بطلب التوضيح.,مهم,CDC,,,,,,,,,,,,,,,,,,,,,,,,,,,,,,,,,,,,
KB01.xlsx,Age 4,CS013,التواصل والمهارات الاجتماعية,المشاركة بالأفكار,يشارك أفكاره مع الآخرين.,هل يخبر الآخرين بأفكاره؟,يشارك بشكل تلقائي.,داعم,ASHA,,,,,,,,,,,,,,,,,,,,,,,,,,,,,,,,,,,,
KB01.xlsx,Age 4,CS014,التواصل والمهارات الاجتماعية,الاستجابة للمشاعر,يستجيب لمشاعر الآخرين.,هل يواسي شخصًا حزينًا؟,يبدي تعاطفًا مناسبًا.,داعم,CDC,,,,,,,,,,,,,,,,,,,,,,,,,,,,,,,,,,,,
KB01.xlsx,Age 4,CS015,التواصل والمهارات الاجتماعية,استخدام اللغة في اللعب,يستخدم الحوار أثناء اللعب التخيلي.,هل يستخدم الكلام أثناء اللعب؟,يتفاعل لفظيًا.,مهم,ASHA,,,,,,,,,,,,,,,,,,,,,,,,,,,,,,,,,,,,
KB01.xlsx,Age 4,CS016,التواصل والمهارات الاجتماعية,الحديث بثقة,يتحدث بثقة مع المألوفين.,هل يتحدث بثقة؟,يعبر دون تردد.,داعم,ASHA,,,,,,,,,,,,,,,,,,,,,,,,,,,,,,,,,,,,
KB01.xlsx,Age 4,CS017,التواصل والمهارات الاجتماعية,شرح ما يقوم به,يصف ما يفعله أثناء النشاط.,هل يشرح ما يقوم به؟,يستخدم جملًا واضحة.,مهم,CDC,,,,,,,,,,,,,,,,,,,,,,,,,,,,,,,,,,,,
KB01.xlsx,Age 4,CS018,التواصل والمهارات الاجتماعية,المشاركة الصفية,يشارك في أنشطة الروضة.,هل يشارك في الأنشطة الصفية؟,يتفاعل مع المجموعة.,أساسي,ASHA,,,,,,,,,,,,,,,,,,,,,,,,,,,,,,,,,,,,
KB01.xlsx,Age 4,CS019,التواصل والمهارات الاجتماعية,احترام دور الآخرين,يحترم دور الآخرين في الحوار.,هل ينتظر دوره؟,يلتزم بقواعد الحوار.,مهم,CDC,,,,,,,,,,,,,,,,,,,,,,,,,,,,,,,,,,,,
KB01.xlsx,Age 4,CS020,التواصل والمهارات الاجتماعية,الاستمتاع بالمحادثة,يستمتع بالمحادثات اليومية.,هل يستمتع بالتحدث مع الآخرين؟,يبادر ويستمر بالحوار.,داعم,ASHA,,,,,,,,,,,,,,,,,,,,,,,,,,,,,,,,,,,,
KB01.xlsx,Age 4,SP001,النطق,وضوح الكلام,يمكن لمعظم الأشخاص فهم كلامه.,هل يفهم الغرباء معظم كلامه؟,معظم الكلام مفهوم.,أساسي,ASHA,,,,,,,,,,,,,,,,,,,,,,,,,,,,,,,,,,,,
KB01.xlsx,Age 4,SP002,النطق,نطق الأصوات,ينطق معظم أصوات الكلام المناسبة لعمره.,هل ينطق الأصوات بوضوح؟,أخطاء قليلة.,أساسي,ASHA,,,,,,,,,,,,,,,,,,,,,,,,,,,,,,,,,,,,
KB01.xlsx,Age 4,SP003,النطق,إنتاج جمل واضحة,يتحدث بجمل واضحة ومفهومة.,هل جمله واضحة؟,يسهل فهمها.,مهم,CDC,,,,,,,,,,,,,,,,,,,,,,,,,,,,,,,,,,,,
KB01.xlsx,Age 4,SP004,النطق,تقليد الجمل,يكرر جملًا أطول.,هل يستطيع تكرار جملة طويلة نسبيًا؟,يكررها بدقة.,مهم,ASHA,,,,,,,,,,,,,,,,,,,,,,,,,,,,,,,,,,,,
KB01.xlsx,Age 4,SP005,النطق,نبرة الصوت,يستخدم نبرة مناسبة للموقف.,هل يغير نبرة صوته؟,نبرة مناسبة.,داعم,NIDCD,,,,,,,,,,,,,,,,,,,,,,,,,,,,,,,,,,,,
KB01.xlsx,Age 4,SP006,النطق,سرعة الكلام,يتحدث بسرعة مناسبة.,هل سرعة الكلام مناسبة؟,ليست سريعة أو بطيئة جدًا.,داعم,ASHA,,,,,,,,,,,,,,,,,,,,,,,,,,,,,,,,,,,,
KB01.xlsx,Age 4,SP007,النطق,تقليل الأخطاء,تقل الأخطاء الصوتية تدريجيًا.,هل أخطاء النطق قليلة؟,يتحسن النطق.,مهم,ASHA,,,,,,,,,,,,,,,,,,,,,,,,,,,,,,,,,,,,
KB01.xlsx,Age 4,SP008,النطق,التمييز السمعي,يميز أصوات الكلمات.,هل يلاحظ اختلاف الأصوات؟,تمييز مناسب.,داعم,CDC,,,,,,,,,,,,,,,,,,,,,,,,,,,,,,,,,,,,
KB01.xlsx,Age 4,SP009,النطق,التحدث في مواقف مختلفة,يستخدم الكلام في المنزل والروضة.,هل يتحدث في جميع المواقف؟,يتواصل لفظيًا.,مهم,ASHA,,,,,,,,,,,,,,,,,,,,,,,,,,,,,,,,,,,,
KB01.xlsx,Age 4,SP010,النطق,إعادة المحاولة,يعيد الكلمة إذا لم تُفهم.,هل يعيد نطق الكلمة؟,يحاول التصحيح.,مهم,ASHA,,,,,,,,,,,,,,,,,,,,,,,,,,,,,,,,,,,,
KB01.xlsx,Age 4,SP011,النطق,التحكم بالصوت,يتحكم في شدة صوته.,هل يرفع أو يخفض صوته عند الحاجة؟,يتحكم بالصوت.,داعم,CDC,,,,,,,,,,,,,,,,,,,,,,,,,,,,,,,,,,,,
KB01.xlsx,Age 4,SP012,النطق,وضوح السرد,يتحدث بوضوح عند سرد قصة.,هل كلامه واضح أثناء السرد؟,يمكن فهمه بسهولة.,أساسي,ASHA,,,,,,,,,,,,,,,,,,,,,,,,,,,,,,,,,,,,
KB01.xlsx,Age 4,SP013,النطق,التواصل اللفظي المستمر,يعتمد على الكلام أكثر من الإشارة.,هل يستخدم الكلام غالبًا؟,تواصل لفظي فعال.,أساسي,CDC,,,,,,,,,,,,,,,,,,,,,,,,,,,,,,,,,,,,
KB01.xlsx,Age 4,SP014,النطق,الثقة بالنطق,يتحدث بثقة أمام الآخرين.,هل يتحدث دون خجل؟,ثقة مناسبة.,داعم,ASHA,,,,,,,,,,,,,,,,,,,,,,,,,,,,,,,,,,,,
KB01.xlsx,Age 4,SP015,النطق,التعبير الصوتي,يعبر بصوته عن الانفعالات.,هل يستخدم صوته للتعبير؟,تنوع مناسب بالنبرة.,داعم,NIDCD,,,,,,,,,,,,,,,,,,,,,,,,,,,,,,,,,,,,
KB01.xlsx,Age 5,RL001,اللغة الاستقبالية,اتباع تعليمات متعددة الخطوات,ينفذ تعليمات تتكون من ثلاث أو أربع خطوات بالترتيب الصحيح.,هل يستطيع تنفيذ عدة تعليمات متتالية دون تذكير؟,ينفذ التعليمات بدقة.,أساسي,"ASHA, CDC",,,,,,,,,,,,,,,,,,,,,,,,,,,,,,,,,,,,
KB01.xlsx,Age 5,RL002,اللغة الاستقبالية,فهم القصص الطويلة,يستوعب أحداث قصة أطول ويجيب عن أسئلة حولها.,هل يفهم أحداث القصة ويجيب عن الأسئلة؟,يفهم التفاصيل والأحداث الرئيسية.,أساسي,ASHA,,,,,,,,,,,,,,,,,,,,,,,,,,,,,,,,,,,,
KB01.xlsx,Age 5,RL003,اللغة الاستقبالية,فهم السبب والنتيجة,يفسر الأسباب والنتائج في المواقف اليومية.,هل يستطيع تفسير سبب حدوث موقف معين؟,يربط السبب بالنتيجة.,أساسي,ASHA,,,,,,,,,,,,,,,,,,,,,,,,,,,,,,,,,,,,
KB01.xlsx,Age 5,RL004,اللغة الاستقبالية,فهم الأسئلة المفتوحة,يجيب عن أسئلة تحتاج إلى شرح.,هل يجيب عن أسئلة تتطلب شرحًا؟,يقدم إجابات مفصلة.,أساسي,ASHA,,,,,,,,,,,,,,,,,,,,,,,,,,,,,,,,,,,,
KB01.xlsx,Age 5,RL005,اللغة الاستقبالية,فهم مفاهيم الزمن,يفهم الماضي والحاضر والمستقبل.,هل يميز بين أمس واليوم وغدًا؟,يفهم مفاهيم الزمن.,مهم,CDC,,,,,,,,,,,,,,,,,,,,,,,,,,,,,,,,,,,,
KB01.xlsx,Age 5,RL006,اللغة الاستقبالية,فهم المقارنات,يفهم المقارنات المختلفة.,هل يقارن بين الأشياء بصورة صحيحة؟,يفهم المقارنات.,مهم,ASHA,,,,,,,,,,,,,,,,,,,,,,,,,,,,,,,,,,,,
KB01.xlsx,Age 5,RL007,اللغة الاستقبالية,فهم المفردات الجديدة,يتعلم كلمات جديدة من السياق.,هل يفهم كلمات جديدة من القصة؟,يكتسب مفردات جديدة.,مهم,ASHA,,,,,,,,,,,,,,,,,,,,,,,,,,,,,,,,,,,,
KB01.xlsx,Age 5,RL008,اللغة الاستقبالية,فهم الحوار,يتابع حوارًا بين عدة أشخاص.,هل يفهم مضمون المحادثة؟,يفهم الحوار.,مهم,NIDCD,,,,,,,,,,,,,,,,,,,,,,,,,,,,,,,,,,,,
KB01.xlsx,Age 5,RL009,اللغة الاستقبالية,فهم التعليمات الصفية,يتبع تعليمات المعلم.,هل يتبع تعليمات الصف؟,يستجيب بصورة مستقلة.,أساسي,CDC,,,,,,,,,,,,,,,,,,,,,,,,,,,,,,,,,,,,
KB01.xlsx,Age 5,RL010,اللغة الاستقبالية,فهم العلاقات المكانية,يفهم أمام وخلف وبين.,هل يفهم العلاقات المكانية؟,يستخدمها بصورة صحيحة.,مهم,ASHA,,,,,,,,,,,,,,,,,,,,,,,,,,,,,,,,,,,,
KB01.xlsx,Age 5,RL011,اللغة الاستقبالية,فهم المشاعر,يفسر مشاعر الآخرين.,هل يفهم سبب شعور الآخرين؟,يميز المشاعر.,مهم,ASHA,,,,,,,,,,,,,,,,,,,,,,,,,,,,,,,,,,,,
KB01.xlsx,Age 5,RL012,اللغة الاستقبالية,فهم المهن,يعرف وظائف المهن.,هل يعرف وظيفة الطبيب والمعلم؟,يربط المهنة بوظيفتها.,داعم,CDC,,,,,,,,,,,,,,,,,,,,,,,,,,,,,,,,,,,,
KB01.xlsx,Age 5,RL013,اللغة الاستقبالية,فهم التعليمات الشرطية,يفهم تعليمات تبدأ بـ إذا.,هل يفهم التعليمات الشرطية؟,ينفذها بدقة.,مهم,ASHA,,,,,,,,,,,,,,,,,,,,,,,,,,,,,,,,,,,,
KB01.xlsx,Age 5,RL014,اللغة الاستقبالية,التصنيف المتقدم,يصنف الأشياء حسب أكثر من خاصية.,هل يصنف حسب اللون والحجم؟,يصنف بدقة.,مهم,CDC,,,,,,,,,,,,,,,,,,,,,,,,,,,,,,,,,,,,
KB01.xlsx,Age 5,RL015,اللغة الاستقبالية,فهم الأضداد,يفهم الكلمات المتضادة.,هل يميز بين الأضداد؟,يفهم معظمها.,داعم,ASHA,,,,,,,,,,,,,,,,,,,,,,,,,,,,,,,,,,,,
KB01.xlsx,Age 5,RL016,اللغة الاستقبالية,فهم العلاقات بين الأحداث,يربط بين حدثين.,هل يشرح ترتيب الأحداث؟,يفهم التسلسل.,مهم,ASHA,,,,,,,,,,,,,,,,,,,,,,,,,,,,,,,,,,,,
KB01.xlsx,Age 5,RL017,اللغة الاستقبالية,فهم قواعد اللعب,يلتزم بقواعد الألعاب.,هل يتبع قواعد اللعب؟,يلتزم بالتعليمات.,داعم,CDC,,,,,,,,,,,,,,,,,,,,,,,,,,,,,,,,,,,,
KB01.xlsx,Age 5,RL018,اللغة الاستقبالية,فهم الوصف,يتعرف على الشيء من وصفه.,هل يعرف الشيء من وصفه؟,يحدد الشيء الصحيح.,مهم,ASHA,,,,,,,,,,,,,,,,,,,,,,,,,,,,,,,,,,,,
KB01.xlsx,Age 5,RL019,اللغة الاستقبالية,الاستنتاج,يستنتج الإجابة من القصة.,هل يستنتج الإجابات؟,يستخدم الاستنتاج.,مهم,ASHA,,,,,,,,,,,,,,,,,,,,,,,,,,,,,,,,,,,,
KB01.xlsx,Age 5,RL020,اللغة الاستقبالية,الاستعداد المدرسي,يفهم التعليمات التعليمية.,هل يتبع تعليمات الأنشطة التعليمية؟,جاهز للمدرسة.,أساسي,"ASHA, CDC",,,,,,,,,,,,,,,,,,,,,,,,,,,,,,,,,,,,
KB01.xlsx,Age 5,EL001,اللغة التعبيرية,استخدام جمل معقدة,يعبر بجمل طويلة ومترابطة.,هل يستخدم جملًا مكونة من عدة أفكار؟,يتحدث بجمل واضحة ومترابطة.,أساسي,ASHA,,,,,,,,,,,,,,,,,,,,,,,,,,,,,,,,,,,,
KB01.xlsx,Age 5,EL002,اللغة التعبيرية,سرد قصة كاملة,يروي قصة ببداية ووسط ونهاية.,هل يستطيع سرد قصة كاملة؟,يحافظ على التسلسل.,أساسي,ASHA,,,,,,,,,,,,,,,,,,,,,,,,,,,,,,,,,,,,
KB01.xlsx,Age 5,EL003,اللغة التعبيرية,وصف الأحداث,يصف أحداثًا وقعت خلال يومه.,هل يصف ما حدث خلال يومه؟,يستخدم ترتيبًا منطقيًا.,مهم,CDC,,,,,,,,,,,,,,,,,,,,,,,,,,,,,,,,,,,,
KB01.xlsx,Age 5,EL004,اللغة التعبيرية,شرح الأسباب,يشرح سبب اختياره أو رأيه.,هل يوضح سبب إجابته؟,يعطي تفسيرًا بسيطًا.,أساسي,ASHA,,,,,,,,,,,,,,,,,,,,,,,,,,,,,,,,,,,,
KB01.xlsx,Age 5,EL005,اللغة التعبيرية,استخدام الأزمنة,يستخدم الماضي والحاضر والمستقبل.,هل يستخدم الأزمنة بصورة صحيحة؟,يستخدمها غالبًا بشكل صحيح.,مهم,ASHA,,,,,,,,,,,,,,,,,,,,,,,,,,,,,,,,,,,,
KB01.xlsx,Age 5,EL006,اللغة التعبيرية,استخدام الضمائر,يستخدم الضمائر دون أخطاء شائعة.,هل يستخدم الضمائر بشكل صحيح؟,استخدام مناسب.,مهم,CDC,,,,,,,,,,,,,,,,,,,,,,,,,,,,,,,,,,,,
KB01.xlsx,Age 5,EL007,اللغة التعبيرية,وصف الأشخاص,يصف الأشخاص بعدة صفات.,هل يصف الأشخاص بصفات متعددة؟,يستخدم أوصافًا متنوعة.,مهم,ASHA,,,,,,,,,,,,,,,,,,,,,,,,,,,,,,,,,,,,
KB01.xlsx,Age 5,EL008,اللغة التعبيرية,وصف الأماكن,يصف مكانًا مألوفًا بتفاصيل.,هل يصف مكانًا بتفاصيل؟,يعطي وصفًا واضحًا.,مهم,ASHA,,,,,,,,,,,,,,,,,,,,,,,,,,,,,,,,,,,,
KB01.xlsx,Age 5,EL009,اللغة التعبيرية,طرح أسئلة متنوعة,يسأل لماذا وكيف وماذا لو.,هل يطرح أسئلة متنوعة؟,يبادر بالاستفسار.,داعم,CDC,,,,,,,,,,,,,,,,,,,,,,,,,,,,,,,,,,,,
KB01.xlsx,Age 5,EL010,اللغة التعبيرية,استخدام مفردات غنية,يستخدم كلمات جديدة في حديثه.,هل يستخدم مفردات متنوعة؟,حصيلة لغوية جيدة.,أساسي,ASHA,,,,,,,,,,,,,,,,,,,,,,,,,,,,,,,,,,,,
KB01.xlsx,Age 5,EL011,اللغة التعبيرية,التعبير عن المشاعر,يعبر عن مشاعره وأسبابها.,هل يشرح سبب شعوره؟,يعبر بوضوح.,مهم,NIDCD,,,,,,,,,,,,,,,,,,,,,,,,,,,,,,,,,,,,
KB01.xlsx,Age 5,EL012,اللغة التعبيرية,إعطاء تعليمات,يشرح خطوات تنفيذ مهمة.,هل يستطيع شرح خطوات نشاط؟,يعطي تعليمات مرتبة.,مهم,ASHA,,,,,,,,,,,,,,,,,,,,,,,,,,,,,,,,,,,,
KB01.xlsx,Age 5,EL013,اللغة التعبيرية,إعادة سرد قصة,يعيد سرد قصة بدقة.,هل يعيد سرد قصة سمعها؟,يحافظ على التفاصيل.,أساسي,ASHA,,,,,,,,,,,,,,,,,,,,,,,,,,,,,,,,,,,,
KB01.xlsx,Age 5,EL014,اللغة التعبيرية,المقارنة,يقارن بين شيئين باستخدام أكثر من صفة.,هل يقارن بين الأشياء؟,يقارن بدقة.,داعم,CDC,,,,,,,,,,,,,,,,,,,,,,,,,,,,,,,,,,,,
KB01.xlsx,Age 5,EL015,اللغة التعبيرية,التعبير عن الرأي,يعبر عن رأيه مع تبرير.,هل يشرح سبب رأيه؟,يقدم رأيًا مدعومًا.,مهم,ASHA,,,,,,,,,,,,,,,,,,,,,,,,,,,,,,,,,,,,
KB01.xlsx,Age 5,EL016,اللغة التعبيرية,التخطيط اللفظي,يشرح ما ينوي القيام به.,هل يخبرك بخطته؟,يعبر عن خططه.,داعم,CDC,,,,,,,,,,,,,,,,,,,,,,,,,,,,,,,,,,,,
KB01.xlsx,Age 5,EL017,اللغة التعبيرية,استخدام كلمات الربط,يستخدم لأن، ثم، لذلك.,هل يستخدم كلمات الربط؟,يربط الجمل.,مهم,ASHA,,,,,,,,,,,,,,,,,,,,,,,,,,,,,,,,,,,,
KB01.xlsx,Age 5,EL018,اللغة التعبيرية,الإجابة المفصلة,يجيب بإجابات كاملة.,هل يقدم إجابات مفصلة؟,إجابات واضحة.,أساسي,ASHA,,,,,,,,,,,,,,,,,,,,,,,,,,,,,,,,,,,,
KB01.xlsx,Age 5,EL019,اللغة التعبيرية,بدء الحوار,يبادر بفتح موضوع جديد.,هل يبدأ الحديث من تلقاء نفسه؟,يبادر بالحوار.,أساسي,CDC,,,,,,,,,,,,,,,,,,,,,,,,,,,,,,,,,,,,
KB01.xlsx,Age 5,EL020,اللغة التعبيرية,التحدث بثقة,يتحدث بثقة مع الكبار والأطفال.,هل يتحدث بثقة؟,ثقة مناسبة للعمر.,داعم,ASHA,,,,,,,,,,,,,,,,,,,,,,,,,,,,,,,,,,,,
KB01.xlsx,Age 5,CS001,التواصل والمهارات الاجتماعية,بدء المحادثة,يبادر ببدء محادثة مع الأطفال والكبار.,هل يبدأ الحديث من تلقاء نفسه؟,يبادر بالتواصل.,أساسي,ASHA,,,,,,,,,,,,,,,,,,,,,,,,,,,,,,,,,,,,
KB01.xlsx,Age 5,CS002,التواصل والمهارات الاجتماعية,المحافظة على الحوار,يحافظ على حوار متبادل.,هل يستطيع الاستمرار في الحوار؟,يتبادل عدة جمل.,أساسي,ASHA,,,,,,,,,,,,,,,,,,,,,,,,,,,,,,,,,,,,
KB01.xlsx,Age 5,CS003,التواصل والمهارات الاجتماعية,الاستماع للآخرين,ينتظر حتى ينتهي الآخر من الحديث.,هل ينصت للآخرين؟,يظهر مهارات استماع جيدة.,مهم,CDC,,,,,,,,,,,,,,,,,,,,,,,,,,,,,,,,,,,,
KB01.xlsx,Age 5,CS004,التواصل والمهارات الاجتماعية,احترام الدور,ينتظر دوره في الحديث.,هل ينتظر دوره؟,يلتزم بقواعد الحوار.,أساسي,ASHA,,,,,,,,,,,,,,,,,,,,,,,,,,,,,,,,,,,,
KB01.xlsx,Age 5,CS005,التواصل والمهارات الاجتماعية,حل المشكلات بالكلام,يستخدم اللغة لحل الخلافات.,هل يحاول حل المشكلات بالكلام؟,يعبر عن الحلول.,مهم,ASHA,,,,,,,,,,,,,,,,,,,,,,,,,,,,,,,,,,,,
KB01.xlsx,Age 5,CS006,التواصل والمهارات الاجتماعية,التعبير عن المشاعر,يعبر عن مشاعره بوضوح.,هل يصف مشاعره؟,يعبر لفظيًا.,مهم,NIDCD,,,,,,,,,,,,,,,,,,,,,,,,,,,,,,,,,,,,
KB01.xlsx,Age 5,CS007,التواصل والمهارات الاجتماعية,فهم مشاعر الآخرين,يظهر التعاطف مع الآخرين.,هل يتفهم مشاعر الآخرين؟,يبدي تعاطفًا مناسبًا.,مهم,CDC,,,,,,,,,,,,,,,,,,,,,,,,,,,,,,,,,,,,
KB01.xlsx,Age 5,CS008,التواصل والمهارات الاجتماعية,التعاون,يتعاون في الأنشطة الجماعية.,هل يتعاون مع أقرانه؟,يشارك بفاعلية.,أساسي,ASHA,,,,,,,,,,,,,,,,,,,,,,,,,,,,,,,,,,,,
KB01.xlsx,Age 5,CS009,التواصل والمهارات الاجتماعية,استخدام عبارات مهذبة,يستخدم عبارات المجاملة.,هل يستخدم لو سمحت وشكرًا؟,يستخدمها تلقائيًا.,داعم,CDC,,,,,,,,,,,,,,,,,,,,,,,,,,,,,,,,,,,,
KB01.xlsx,Age 5,CS010,التواصل والمهارات الاجتماعية,طلب التوضيح,يطلب توضيحًا عند عدم الفهم.,هل يسأل عند عدم الفهم؟,يبادر بطلب التوضيح.,مهم,ASHA,,,,,,,,,,,,,,,,,,,,,,,,,,,,,,,,,,,,
KB01.xlsx,Age 5,CS011,التواصل والمهارات الاجتماعية,شرح الأفكار,يشرح أفكاره بوضوح.,هل يشرح ما يفكر فيه؟,يعبر بجمل مترابطة.,مهم,ASHA,,,,,,,,,,,,,,,,,,,,,,,,,,,,,,,,,,,,
KB01.xlsx,Age 5,CS012,التواصل والمهارات الاجتماعية,المشاركة الصفية,يشارك في النقاشات الصفية.,هل يشارك في الأنشطة الجماعية؟,يشارك بثقة.,أساسي,CDC,,,,,,,,,,,,,,,,,,,,,,,,,,,,,,,,,,,,
KB01.xlsx,Age 5,CS013,التواصل والمهارات الاجتماعية,اللعب التخيلي,يستخدم الحوار في اللعب التخيلي.,هل يستخدم اللغة أثناء اللعب؟,يلعب بشكل تعاوني.,داعم,ASHA,,,,,,,,,,,,,,,,,,,,,,,,,,,,,,,,,,,,
KB01.xlsx,Age 5,CS014,التواصل والمهارات الاجتماعية,التواصل مع الكبار,يتحدث باحترام مع الكبار.,هل يتواصل مع الكبار بسهولة؟,يتحدث بثقة.,داعم,CDC,,,,,,,,,,,,,,,,,,,,,,,,,,,,,,,,,,,,
KB01.xlsx,Age 5,CS015,التواصل والمهارات الاجتماعية,التعبير عن الرأي,يعبر عن رأيه باحترام.,هل يوضح رأيه؟,يقدم رأيًا مناسبًا.,مهم,ASHA,,,,,,,,,,,,,,,,,,,,,,,,,,,,,,,,,,,,
KB01.xlsx,Age 5,CS016,التواصل والمهارات الاجتماعية,طرح الأسئلة,يطرح أسئلة لإثراء الحوار.,هل يطرح أسئلة أثناء الحديث؟,يبادر بالاستفسار.,داعم,ASHA,,,,,,,,,,,,,,,,,,,,,,,,,,,,,,,,,,,,
KB01.xlsx,Age 5,CS017,التواصل والمهارات الاجتماعية,التفاعل في الفريق,يعمل ضمن مجموعة.,هل يعمل مع زملائه؟,يتعاون مع المجموعة.,مهم,CDC,,,,,,,,,,,,,,,,,,,,,,,,,,,,,,,,,,,,
KB01.xlsx,Age 5,CS018,التواصل والمهارات الاجتماعية,احترام القواعد,يلتزم بقواعد الأنشطة.,هل يلتزم بالقواعد؟,يحترم التعليمات.,أساسي,ASHA,,,,,,,,,,,,,,,,,,,,,,,,,,,,,,,,,,,,
KB01.xlsx,Age 5,CS019,التواصل والمهارات الاجتماعية,بناء الصداقات,يقيم علاقات إيجابية مع الأطفال.,هل يكون صداقات؟,يتفاعل اجتماعيًا.,داعم,CDC,,,,,,,,,,,,,,,,,,,,,,,,,,,,,,,,,,,,
KB01.xlsx,Age 5,CS020,التواصل والمهارات الاجتماعية,الثقة الاجتماعية,يتحدث أمام مجموعة صغيرة.,هل يتحدث أمام مجموعة؟,يبدي ثقة مناسبة.,داعم,ASHA,,,,,,,,,,,,,,,,,,,,,,,,,,,,,,,,,,,,
KB01.xlsx,Age 5,SP001,النطق,وضوح النطق,ينطق معظم الأصوات بوضوح.,هل يفهم معظم الأشخاص كلامه؟,الكلام واضح.,أساسي,ASHA,,,,,,,,,,,,,,,,,,,,,,,,,,,,,,,,,,,,
KB01.xlsx,Age 5,SP002,النطق,نطق الأصوات المتقدمة,ينطق الأصوات المناسبة لعمره.,هل ينطق الأصوات الصعبة؟,أخطاء قليلة.,أساسي,ASHA,,,,,,,,,,,,,,,,,,,,,,,,,,,,,,,,,,,,
KB01.xlsx,Age 5,SP003,النطق,وضوح السرد,يتحدث بوضوح أثناء سرد قصة.,هل يمكن فهم قصته بسهولة؟,سرد واضح.,مهم,CDC,,,,,,,,,,,,,,,,,,,,,,,,,,,,,,,,,,,,
KB01.xlsx,Age 5,SP004,النطق,التحكم بسرعة الكلام,يتحدث بسرعة مناسبة.,هل سرعة كلامه مناسبة؟,سرعة متوازنة.,داعم,ASHA,,,,,,,,,,,,,,,,,,,,,,,,,,,,,,,,,,,,
KB01.xlsx,Age 5,SP005,النطق,التحكم بنبرة الصوت,يغير نبرة صوته حسب الموقف.,هل يستخدم نبرة مناسبة؟,تنوع في النبرة.,داعم,NIDCD,,,,,,,,,,,,,,,,,,,,,,,,,,,,,,,,,,,,
KB01.xlsx,Age 5,SP006,النطق,التحدث بطلاقة,يتحدث دون توقفات غير معتادة.,هل يتحدث بطلاقة؟,طلاقة مناسبة.,مهم,ASHA,,,,,,,,,,,,,,,,,,,,,,,,,,,,,,,,,,,,
KB01.xlsx,Age 5,SP007,النطق,إعادة نطق الكلمات,يعيد الكلمة عند الحاجة.,هل يصحح نطقه؟,يحاول التصحيح.,داعم,ASHA,,,,,,,,,,,,,,,,,,,,,,,,,,,,,,,,,,,,
KB01.xlsx,Age 5,SP008,النطق,التمييز السمعي,يميز الأصوات المتشابهة.,هل يميز الأصوات؟,تمييز جيد.,داعم,CDC,,,,,,,,,,,,,,,,,,,,,,,,,,,,,,,,,,,,
KB01.xlsx,Age 5,SP009,النطق,التواصل اللفظي,يعتمد على الكلام في جميع المواقف.,هل يستخدم الكلام دائمًا؟,تواصل لفظي فعال.,أساسي,ASHA,,,,,,,,,,,,,,,,,,,,,,,,,,,,,,,,,,,,
KB01.xlsx,Age 5,SP010,النطق,وضوح الجمل,جمله مفهومة للغرباء.,هل يفهم الغرباء كلامه؟,وضوح مرتفع.,أساسي,CDC,,,,,,,,,,,,,,,,,,,,,,,,,,,,,,,,,,,,
KB01.xlsx,Age 5,SP011,النطق,التعبير الصوتي,يعبر بصوته عن الانفعالات.,هل يستخدم نبرات مختلفة؟,يعبر بالنبرة.,داعم,ASHA,,,,,,,,,,,,,,,,,,,,,,,,,,,,,,,,,,,,
KB01.xlsx,Age 5,SP012,النطق,الثقة بالنطق,يتحدث بثقة.,هل يتحدث دون تردد؟,ثقة مناسبة.,داعم,CDC,,,,,,,,,,,,,,,,,,,,,,,,,,,,,,,,,,,,
KB01.xlsx,Age 5,SP013,النطق,استخدام الصوت المناسب,يضبط شدة صوته.,هل يرفع ويخفض صوته عند الحاجة؟,تحكم جيد.,داعم,ASHA,,,,,,,,,,,,,,,,,,,,,,,,,,,,,,,,,,,,
KB01.xlsx,Age 5,SP014,النطق,تقليل الأخطاء الصوتية,تندر أخطاء النطق.,هل أخطاء النطق قليلة؟,نطق مناسب للعمر.,مهم,ASHA,,,,,,,,,,,,,,,,,,,,,,,,,,,,,,,,,,,,
KB01.xlsx,Age 5,SP015,النطق,الاستعداد اللغوي المدرسي,يستخدم لغة واضحة في مواقف التعلم.,هل يستطيع المشاركة شفهيًا في أنشطة ما قبل المدرسة؟,جاهز لغويًا للمدرسة.,أساسي,"ASHA, CDC",,,,,,,,,,,,,,,,,,,,,,,,,,,,,,,,,,,,
KB02.xlsx,Activities,,اللغة الاستقبالية,,,,,,,A001,تنفيذ التعليمات البسيطة,2.0,فهم التعليمات,تحسين فهم التعليمات,يطلب من الطفل تنفيذ أوامر من خطوة واحدة مثل: أحضر الكرة.,ألعاب منزلية,10 دقائق,يوميًا,سهل,استخدم جملًا قصيرة وشجع الطفل.,تحسن الاستجابة للتعليمات,ASHA,,,,,,,,,,,,,,,,,,,,,,,
KB02.xlsx,Activities,,اللغة الاستقبالية,,,,,,,A002,بطاقات الصور,2.0,التعرف على المفردات,تنمية فهم الكلمات,يعرض صورًا ويطلب من الطفل الإشارة إلى الصورة الصحيحة.,بطاقات مصورة,10 دقائق,5 مرات أسبوعيًا,سهل,ابدأ بثلاث صور فقط.,زيادة فهم المفردات,"ASHA, CDC",,,,,,,,,,,,,,,,,,,,,,,
KB02.xlsx,Activities,,اللغة الاستقبالية,,,,,,,A003,أين الكرة؟,2.0,فهم الأسئلة,تحسين فهم الأسئلة,يطلب من الطفل تحديد اللعبة المطلوبة.,ألعاب,10 دقائق,4 مرات أسبوعيًا,سهل,استخدم ألعابًا مألوفة.,تحسن فهم الأسئلة,ASHA,,,,,,,,,,,,,,,,,,,,,,,
KB02.xlsx,Activities,,اللغة الاستقبالية,,,,,,,A004,أجزاء الجسم,2.0,التعرف على أجزاء الجسم,تعلم أسماء أجزاء الجسم,يطلب من الطفل الإشارة إلى أجزاء جسمه.,مرآة,10 دقائق,يوميًا,سهل,استخدم الأغاني والحركات.,معرفة أجزاء الجسم,CDC,,,,,,,,,,,,,,,,,,,,,,,
KB02.xlsx,Activities,,اللغة الاستقبالية,,,,,,,A005,قراءة قصة مصورة,2.0,فهم اللغة,زيادة الانتباه والفهم,قراءة قصة قصيرة مع أسئلة بسيطة.,كتاب مصور,15 دقيقة,4 مرات أسبوعيًا,سهل,كرر القصة خلال الأسبوع.,تحسن الفهم,NIDCD,,,,,,,,,,,,,,,,,,,,,,,
KB02.xlsx,Activities,,اللغة الاستقبالية,,,,,,,A006,فرز الأشياء,2.0,التصنيف,تنمية التصنيف,فرز الألعاب حسب النوع أو اللون.,مكعبات أو ألعاب,10 دقائق,3 مرات أسبوعيًا,متوسط,ابدأ بتصنيف بسيط.,تحسن التصنيف,ASHA,,,,,,,,,,,,,,,,,,,,,,,
KB02.xlsx,Activities,,اللغة التعبيرية,,,,,,,A007,تسمية الصور,2.0,زيادة المفردات,تشجيع التسمية,يعرض صورًا ويطلب تسميتها.,بطاقات,10 دقائق,5 مرات أسبوعيًا,سهل,كرر الكلمات الصحيحة.,زيادة المفردات,ASHA,,,,,,,,,,,,,,,,,,,,,,,
KB02.xlsx,Activities,,اللغة التعبيرية,,,,,,,A008,ماذا تريد؟,2.0,التعبير عن الاحتياجات,تشجيع الطلب بالكلام,يختار الطفل بين خيارين ويذكر ما يريد.,ألعاب أو طعام,10 دقائق,يوميًا,سهل,انتظر استجابة الطفل.,تحسن التعبير,ASHA,,,,,,,,,,,,,,,,,,,,,,,
KB02.xlsx,Activities,,اللغة التعبيرية,,,,,,,A009,تقليد الكلمات,2.0,إنتاج الكلمات,تحسين إنتاج الكلمات,يكرر الطفل كلمات بسيطة بعد ولي الأمر.,لا يوجد,10 دقائق,يوميًا,سهل,اختر كلمات مألوفة.,تحسن النطق,CDC,,,,,,,,,,,,,,,,,,,,,,,
KB02.xlsx,Activities,,اللغة التعبيرية,,,,,,,A010,أكمل الكلمة,2.0,زيادة المفردات,تنمية الاسترجاع,يبدأ ولي الأمر بالكلمة ويكملها الطفل.,بطاقات,10 دقائق,4 مرات أسبوعيًا,متوسط,استخدم كلمات يعرفها الطفل.,زيادة المفردات,ASHA,,,,,,,,,,,,,,,,,,,,,,,
KB02.xlsx,Activities,,اللغة التعبيرية,,,,,,,A011,الغناء مع الطفل,2.0,استخدام الكلمات,تشجيع الكلام بالأغاني,التوقف قبل الكلمة الأخيرة ليكملها الطفل.,أغاني أطفال,10 دقائق,5 مرات أسبوعيًا,سهل,اختر أغاني متكررة.,زيادة التفاعل,NIDCD,,,,,,,,,,,,,,,,,,,,,,,
KB02.xlsx,Activities,,اللغة التعبيرية,,,,,,,A012,وصف اللعبة,2.0,تسمية الأشياء,تشجيع التسمية,يطلب من الطفل تسمية لعبته أو لونها.,ألعاب الطفل,10 دقائق,4 مرات أسبوعيًا,سهل,امدح جميع المحاولات.,زيادة المفردات,ASHA,,,,,,,,,,,,,,,,,,,,,,,
KB02.xlsx,Activities,,التواصل والمهارات الاجتماعية,,,,,,,A013,لعبة تبادل الأدوار,2.0,تبادل الأدوار,تعليم انتظار الدور,يلعب ولي الأمر والطفل بالتناوب باستخدام كرة أو لعبة.,كرة أو لعبة,10 دقائق,4 مرات أسبوعيًا,سهل,امدح الطفل عند انتظار دوره.,تحسن مهارات التفاعل,ASHA,,,,,,,,,,,,,,,,,,,,,,,
KB02.xlsx,Activities,,التواصل والمهارات الاجتماعية,,,,,,,A014,مرحبًا!,2.0,التحية,تشجيع استخدام التحية,يتدرب الطفل على قول مرحبًا ومع السلامة مع أفراد الأسرة.,لا يوجد,5 دقائق,يوميًا,سهل,كن قدوة في استخدام التحية.,زيادة التواصل الاجتماعي,CDC,,,,,,,,,,,,,,,,,,,,,,,
KB02.xlsx,Activities,,التواصل والمهارات الاجتماعية,,,,,,,A015,شارك لعبتك,2.0,المشاركة,تعزيز المشاركة,يشجع الطفل على مشاركة لعبة مع أحد الوالدين.,ألعاب,10 دقائق,3 مرات أسبوعيًا,متوسط,اشكر الطفل عند المشاركة.,زيادة التعاون,ASHA,,,,,,,,,,,,,,,,,,,,,,,
KB02.xlsx,Activities,,التواصل والمهارات الاجتماعية,,,,,,,A016,تقليد الحركات,2.0,التقليد,تنمية التواصل,يقلد الطفل حركات بسيطة مثل التصفيق أو التلويح.,لا يوجد,10 دقائق,4 مرات أسبوعيًا,سهل,ابدأ بحركات بسيطة.,تحسين التفاعل,CDC,,,,,,,,,,,,,,,,,,,,,,,
KB02.xlsx,Activities,,التواصل والمهارات الاجتماعية,,,,,,,A017,لعبة المشاعر,2.0,التعبير عن المشاعر,تعلم المشاعر الأساسية,اعرض وجوهًا سعيدة أو حزينة واطلب من الطفل تقليدها.,بطاقات مشاعر,10 دقائق,3 مرات أسبوعيًا,سهل,سمِّ المشاعر بصوت واضح.,تمييز المشاعر,ASHA,,,,,,,,,,,,,,,,,,,,,,,
KB02.xlsx,Activities,,التواصل والمهارات الاجتماعية,,,,,,,A018,وقت اللعب المشترك,2.0,التفاعل الاجتماعي,تشجيع اللعب مع الآخرين,اللعب مع أحد الوالدين أو الأخوة لمدة قصيرة.,ألعاب متنوعة,15 دقيقة,يوميًا,سهل,اتبع اهتمام الطفل أثناء اللعب.,زيادة التفاعل الاجتماعي,NIDCD,,,,,,,,,,,,,,,,,,,,,,,
KB02.xlsx,Activities,,النطق,,,,,,,A019,أصوات الحيوانات,2.0,تقليد الأصوات,تشجيع إنتاج الأصوات,يعرض ولي الأمر صور الحيوانات ويصدر صوتها ثم يطلب من الطفل تقليده.,بطاقات حيوانات,10 دقائق,5 مرات أسبوعيًا,سهل,اجعل النشاط ممتعًا ولا تضغط على الطفل.,تحسن إنتاج الأصوات,ASHA,,,,,,,,,,,,,,,,,,,,,,,
KB02.xlsx,Activities,,النطق,,,,,,,A020,نفخ الفقاعات,2.0,التحكم بالنفس,تقوية التحكم في التنفس أثناء الكلام,ينفخ الطفل فقاعات الصابون ببطء ثم بسرعة.,فقاعات صابون,10 دقائق,3 مرات أسبوعيًا,سهل,راقب الطفل أثناء النشاط.,تحسن التحكم في النفس,ASHA,,,,,,,,,,,,,,,,,,,,,,,
KB02.xlsx,Activities,,النطق,,,,,,,A021,أغنية الأصوات,2.0,إنتاج المقاطع,تكرار المقاطع الصوتية,غنِّ مقاطع مثل (با، ما، تا) واطلب من الطفل تكرارها.,لا يوجد,10 دقائق,يوميًا,سهل,استخدم نبرة مرحة.,زيادة إنتاج المقاطع,CDC,,,,,,,,,,,,,,,,,,,,,,,
KB02.xlsx,Activities,,النطق,,,,,,,A022,لعبة المرآة,2.0,مراقبة حركة الفم,تحسين مخارج الأصوات,ينظر الطفل في المرآة ويقلد حركات الفم والشفاه.,مرآة,10 دقائق,4 مرات أسبوعيًا,سهل,قف بجانب الطفل وقلد معه.,تحسين النطق,ASHA,,,,,,,,,,,,,,,,,,,,,,,
KB02.xlsx,Activities,,النطق,,,,,,,A023,كرر بعدي,2.0,تقليد الكلمات,تشجيع نطق الكلمات,يكرر الطفل كلمات بسيطة بعد ولي الأمر.,بطاقات كلمات,10 دقائق,5 مرات أسبوعيًا,سهل,اختر كلمات مألوفة.,زيادة وضوح النطق,CDC,,,,,,,,,,,,,,,,,,,,,,,
KB02.xlsx,Activities,,النطق,,,,,,,A024,من يصدر الصوت؟,2.0,تمييز الأصوات,ربط الصوت بمصدره,يشغل ولي الأمر أصواتًا مألوفة ويطلب من الطفل تحديد مصدرها.,تسجيلات صوتية,10 دقائق,3 مرات أسبوعيًا,متوسط,ابدأ بأصوات مألوفة.,تحسين التمييز السمعي,ASHA,,,,,,,,,,,,,,,,,,,,,,,
KB02.xlsx,Activities,,النطق,,,,,,,A025,حديث أثناء اللعب,2.0,استخدام الكلام,تشجيع استخدام الكلمات أثناء اللعب,يشجع ولي الأمر الطفل على تسمية ما يفعله أثناء اللعب.,ألعاب الطفل,15 دقيقة,يوميًا,سهل,علق على لعب الطفل وكرر كلماته.,زيادة استخدام الكلام,NIDCD,,,,,,,,,,,,,,,,,,,,,,,
KB02.xlsx,Activities,,اللغة الاستقبالية,,,,,,,A026,اتبع التعليمتين,3.0,اتباع التعليمات,تنفيذ تعليمات من خطوتين,اطلب من الطفل تنفيذ أمرين متتاليين مثل: أحضر الكرة ثم ضعها على الكرسي.,ألعاب منزلية,10 دقائق,5 مرات أسبوعيًا,سهل,زد صعوبة التعليمات تدريجيًا.,تحسن فهم التعليمات المركبة,ASHA,,,,,,,,,,,,,,,,,,,,,,,
KB02.xlsx,Activities,,اللغة الاستقبالية,,,,,,,A027,من في الصورة؟,3.0,فهم المفردات,تمييز الأشخاص والأشياء,اعرض صورًا واسأل الطفل عن الشخص أو الشيء المطلوب.,بطاقات مصورة,10 دقائق,4 مرات أسبوعيًا,سهل,استخدم صورًا مألوفة.,زيادة الفهم اللغوي,CDC,,,,,,,,,,,,,,,,,,,,,,,
KB02.xlsx,Activities,,اللغة الاستقبالية,,,,,,,A028,رتب القصة,3.0,فهم التسلسل,فهم ترتيب الأحداث,استخدم 3 صور لقصة بسيطة واطلب ترتيبها.,بطاقات تسلسل,15 دقيقة,3 مرات أسبوعيًا,متوسط,ناقش سبب ترتيب الصور.,تحسن فهم التسلسل,ASHA,,,,,,,,,,,,,,,,,,,,,,,
KB02.xlsx,Activities,,اللغة الاستقبالية,,,,,,,A029,أين؟,3.0,فهم مفاهيم المكان,تعلم فوق وتحت وأمام,ضع لعبة في أماكن مختلفة واطلب من الطفل تحديدها.,ألعاب,10 دقائق,4 مرات أسبوعيًا,سهل,غيّر الأماكن في كل مرة.,تحسن فهم مفاهيم المكان,CDC,,,,,,,,,,,,,,,,,,,,,,,
KB02.xlsx,Activities,,اللغة الاستقبالية,,,,,,,A030,اختر الصحيح,3.0,التصنيف,تصنيف الأشياء,اطلب من الطفل اختيار جميع الحيوانات أو الفواكه.,بطاقات,10 دقائق,3 مرات أسبوعيًا,متوسط,ابدأ بفئتين فقط.,تحسن التصنيف,ASHA,,,,,,,,,,,,,,,,,,,,,,,
KB02.xlsx,Activities,,اللغة الاستقبالية,,,,,,,A031,اسمع وأجب,3.0,فهم الأسئلة,الإجابة عن أسئلة بسيطة,اقرأ جملة قصيرة واسأل سؤالاً عنها.,كتاب مصور,10 دقائق,4 مرات أسبوعيًا,متوسط,استخدم قصصًا قصيرة.,تحسن الاستيعاب,NIDCD,,,,,,,,,,,,,,,,,,,,,,,
KB02.xlsx,Activities,,اللغة التعبيرية,,,,,,,A032,احكِ لي,3.0,سرد الأحداث,تشجيع الطفل على وصف ما حدث,اطلب من الطفل أن يخبرك بما فعله اليوم باستخدام جمل قصيرة.,لا يوجد,10 دقائق,4 مرات أسبوعيًا,سهل,اطرح أسئلة داعمة مثل: ماذا حدث بعد ذلك؟,تحسن السرد,ASHA,,,,,,,,,,,,,,,,,,,,,,,
KB02.xlsx,Activities,,اللغة التعبيرية,,,,,,,A033,صف الصورة,3.0,وصف الأشياء,تنمية استخدام الصفات,اعرض صورة واطلب من الطفل وصف ما يراه.,بطاقات مصورة,10 دقائق,4 مرات أسبوعيًا,سهل,شجع استخدام الألوان والأحجام.,زيادة المفردات,CDC,,,,,,,,,,,,,,,,,,,,,,,
KB02.xlsx,Activities,,اللغة التعبيرية,,,,,,,A034,من أنا؟,3.0,التعبير اللفظي,استخدام الأسماء والصفات,صف حيوانًا أو شخصًا ودع الطفل يخمن ثم يصف غيره.,بطاقات,10 دقائق,3 مرات أسبوعيًا,متوسط,ابدأ بأوصاف بسيطة.,تحسن التعبير,ASHA,,,,,,,,,,,,,,,,,,,,,,,
KB02.xlsx,Activities,,اللغة التعبيرية,,,,,,,A035,ماذا يحدث؟,3.0,تكوين الجمل,وصف الأحداث في الصور,اعرض صورة لحركة مثل طفل يجري واطلب وصفها.,صور,10 دقائق,4 مرات أسبوعيًا,سهل,ساعد الطفل ببداية الجملة.,تكوين جمل أفضل,ASHA,,,,,,,,,,,,,,,,,,,,,,,
KB02.xlsx,Activities,,اللغة التعبيرية,,,,,,,A036,لعبة الخيارات,3.0,التعبير عن الرأي,تشجيع الطفل على الاختيار والتبرير,اعرض خيارين واسأله أيهما يفضل ولماذا.,ألعاب أو صور,10 دقائق,3 مرات أسبوعيًا,متوسط,اقبل جميع الإجابات المنطقية.,زيادة الطلاقة,CDC,,,,,,,,,,,,,,,,,,,,,,,
KB02.xlsx,Activities,,اللغة التعبيرية,,,,,,,A037,أكمل القصة,3.0,التحدث المتسلسل,بناء تسلسل لفظي,ابدأ قصة قصيرة واطلب من الطفل إكمالها.,كتاب أو صور,15 دقيقة,3 مرات أسبوعيًا,متوسط,لا تصحح كل خطأ مباشرة.,تحسن تنظيم الحديث,ASHA,,,,,,,,,,,,,,,,,,,,,,,
KB02.xlsx,Activities,,التواصل والمهارات الاجتماعية,,,,,,,A038,لعبة تبادل الحديث,3.0,تبادل الأدوار,تنمية مهارة الحوار,يتبادل الطفل وولي الأمر الحديث بسؤال وجواب.,لا يوجد,10 دقائق,4 مرات أسبوعيًا,سهل,امنح الطفل وقتًا للإجابة.,تحسن مهارات الحوار,ASHA,,,,,,,,,,,,,,,,,,,,,,,
KB02.xlsx,Activities,,التواصل والمهارات الاجتماعية,,,,,,,A039,شارك اللعبة,3.0,المشاركة,تعزيز المشاركة مع الآخرين,يشارك الطفل لعبته مع أحد أفراد الأسرة أو صديق.,ألعاب,10 دقائق,3 مرات أسبوعيًا,سهل,امدح سلوك المشاركة.,زيادة التفاعل الاجتماعي,CDC,,,,,,,,,,,,,,,,,,,,,,,
KB02.xlsx,Activities,,التواصل والمهارات الاجتماعية,,,,,,,A040,وجوه المشاعر,3.0,التعرف على المشاعر,تمييز المشاعر الأساسية,يعرض ولي الأمر بطاقات مشاعر ويطلب من الطفل تسميتها.,بطاقات مشاعر,10 دقائق,4 مرات أسبوعيًا,سهل,ناقش سبب كل شعور.,فهم المشاعر,ASHA,,,,,,,,,,,,,,,,,,,,,,,
KB02.xlsx,Activities,,التواصل والمهارات الاجتماعية,,,,,,,A041,ساعد صديقك,3.0,التعاون,تعزيز التعاون,ينفذ الطفل نشاطًا بسيطًا مع شخص آخر.,مكعبات,15 دقيقة,3 مرات أسبوعيًا,متوسط,شجع العمل الجماعي.,تحسن التعاون,CDC,,,,,,,,,,,,,,,,,,,,,,,
KB02.xlsx,Activities,,التواصل والمهارات الاجتماعية,,,,,,,A042,لعبة الأدوار,3.0,اللعب التخيلي,تنمية التواصل الاجتماعي,يمثل الطفل دور الطبيب أو البائع باستخدام اللعب التخيلي.,ألعاب تمثيلية,15 دقيقة,3 مرات أسبوعيًا,متوسط,شارك الطفل في التمثيل.,زيادة التواصل,ASHA,,,,,,,,,,,,,,,,,,,,,,,
KB02.xlsx,Activities,,التواصل والمهارات الاجتماعية,,,,,,,A043,كيف تشعر؟,3.0,التعبير عن المشاعر,التعبير اللفظي عن المشاعر,اسأل الطفل عن شعوره في مواقف مختلفة ولماذا.,بطاقات أو مواقف,10 دقائق,4 مرات أسبوعيًا,سهل,تقبل جميع الإجابات وشجعه على الشرح.,تحسن التعبير الاجتماعي,NIDCD,,,,,,,,,,,,,,,,,,,,,,,
KB02.xlsx,Activities,,النطق,,,,,,,A044,قل مثلـي,3.0,تقليد الأصوات,تحسين إنتاج الأصوات,ينطق ولي الأمر مقاطع مثل (با، تا، كا) ويكررها الطفل.,لا يوجد,10 دقائق,5 مرات أسبوعيًا,سهل,ابدأ بالمقاطع السهلة ثم زد الصعوبة.,تحسن نطق الأصوات,ASHA,,,,,,,,,,,,,,,,,,,,,,,
KB02.xlsx,Activities,,النطق,,,,,,,A045,المرآة السحرية,3.0,مخارج الحروف,مراقبة حركة الفم,يقف الطفل أمام المرآة ويقلد حركات الشفاه واللسان.,مرآة,10 دقائق,4 مرات أسبوعيًا,سهل,نفذ الحركات ببطء.,تحسن مخارج الحروف,ASHA,,,,,,,,,,,,,,,,,,,,,,,
KB02.xlsx,Activities,,النطق,,,,,,,A046,من صاحب الصوت؟,3.0,التمييز السمعي,تمييز الأصوات,يستمع الطفل لأصوات مختلفة ويحدد مصدرها.,تسجيلات صوتية,10 دقائق,3 مرات أسبوعيًا,متوسط,ابدأ بأصوات مألوفة.,تحسن التمييز السمعي,CDC,,,,,,,,,,,,,,,,,,,,,,,
KB02.xlsx,Activities,,النطق,,,,,,,A047,كرر الجملة,3.0,وضوح الكلام,تحسين نطق الجمل,يكرر الطفل جملًا قصيرة بعد ولي الأمر.,بطاقات جمل,10 دقائق,4 مرات أسبوعيًا,متوسط,تحدث ببطء ووضوح.,تحسن وضوح الكلام,ASHA,,,,,,,,,,,,,,,,,,,,,,,
KB02.xlsx,Activities,,النطق,,,,,,,A048,غنِّ معي,3.0,الإيقاع والنطق,تحسين الطلاقة,يغني الطفل أغنية قصيرة مع التركيز على وضوح الكلمات.,أغاني أطفال,10 دقائق,5 مرات أسبوعيًا,سهل,اختر أغاني مناسبة للعمر.,تحسن الطلاقة,NIDCD,,,,,,,,,,,,,,,,,,,,,,,
KB02.xlsx,Activities,,النطق,,,,,,,A049,احكِ بوضوح,3.0,وضوح النطق,تشجيع التحدث بوضوح,يصف الطفل صورة باستخدام جمل قصيرة وواضحة.,بطاقات مصورة,10 دقائق,4 مرات أسبوعيًا,متوسط,لا تقاطع الطفل أثناء الحديث.,زيادة وضوح الكلام,ASHA,,,,,,,,,,,,,,,,,,,,,,,
KB02.xlsx,Activities,,النطق,,,,,,,A050,حديث وقت اللعب,3.0,استخدام الكلام,استخدام اللغة أثناء اللعب,يتحدث الطفل عما يفعله أثناء اللعب مع ولي الأمر.,ألعاب,15 دقيقة,يوميًا,سهل,وسع جمل الطفل بإضافة كلمة أو كلمتين.,زيادة استخدام الكلام,CDC,,,,,,,,,,,,,,,,,,,,,,,
KB02.xlsx,Activities,,اللغة الاستقبالية,,,,,,,A051,نفذ ثلاث خطوات,4.0,اتباع التعليمات,تنفيذ تعليمات متعددة الخطوات,اطلب من الطفل: أحضر القلم ثم افتح الدفتر ثم اجلس.,أدوات منزلية,10 دقائق,4 مرات أسبوعيًا,متوسط,زد عدد الخطوات تدريجيًا.,تحسن تنفيذ التعليمات,ASHA,,,,,,,,,,,,,,,,,,,,,,,
KB02.xlsx,Activities,,اللغة الاستقبالية,,,,,,,A052,رتب القصة,4.0,فهم التسلسل,ترتيب أحداث قصة,يعيد الطفل ترتيب صور قصة من 4 أحداث.,بطاقات تسلسل,15 دقيقة,3 مرات أسبوعيًا,متوسط,اسأله لماذا اختار هذا الترتيب.,تحسن الاستيعاب,ASHA,,,,,,,,,,,,,,,,,,,,,,,
KB02.xlsx,Activities,,اللغة الاستقبالية,,,,,,,A053,من الوصف؟,4.0,فهم الوصف,التعرف على الشيء من وصفه,صف شيئًا ودع الطفل يخمنه.,بطاقات,10 دقائق,3 مرات أسبوعيًا,متوسط,استخدم أوصافًا متنوعة.,زيادة الفهم,CDC,,,,,,,,,,,,,,,,,,,,,,,
KB02.xlsx,Activities,,اللغة الاستقبالية,,,,,,,A054,أين الكنز؟,4.0,مفاهيم المكان,فهم العلاقات المكانية,أخفِ لعبة مستخدمًا كلمات مثل خلف، بين، أمام.,لعبة صغيرة,10 دقائق,4 مرات أسبوعيًا,سهل,بدّل أماكن اللعبة.,تحسن مفاهيم المكان,ASHA,,,,,,,,,,,,,,,,,,,,,,,
KB02.xlsx,Activities,,اللغة الاستقبالية,,,,,,,A055,لماذا؟,4.0,فهم السبب والنتيجة,تنمية التفكير,اعرض موقفًا واسأل: لماذا حدث ذلك؟,صور,10 دقائق,3 مرات أسبوعيًا,متوسط,شجع أكثر من إجابة.,تحسن الاستنتاج,ASHA,,,,,,,,,,,,,,,,,,,,,,,
KB02.xlsx,Activities,,اللغة الاستقبالية,,,,,,,A056,استمع ثم أجب,4.0,الاستيعاب,فهم النصوص القصيرة,اقرأ فقرة قصيرة واسأل سؤالين عنها.,كتاب,15 دقيقة,3 مرات أسبوعيًا,متوسط,استخدم قصصًا مناسبة للعمر.,تحسن الاستيعاب السمعي,NIDCD,,,,,,,,,,,,,,,,,,,,,,,
KB02.xlsx,Activities,,اللغة التعبيرية,,,,,,,A057,احكِ القصة,4.0,السرد,تنمية مهارة سرد القصص,يعرض ولي الأمر سلسلة صور ويطلب من الطفل سرد القصة بترتيبها.,صور متسلسلة,15 دقيقة,3 مرات أسبوعيًا,متوسط,شجع استخدام كلمات الربط مثل ثم وبعد ذلك.,تحسن السرد المنظم,ASHA,,,,,,,,,,,,,,,,,,,,,,,
KB02.xlsx,Activities,,اللغة التعبيرية,,,,,,,A058,صف الشيء,4.0,الوصف,استخدام الصفات,يختار الطفل غرضًا ويصف لونه وحجمه واستخدامه.,أدوات منزلية,10 دقائق,4 مرات أسبوعيًا,سهل,اطرح أسئلة مساعدة عند الحاجة.,زيادة المفردات,CDC,,,,,,,,,,,,,,,,,,,,,,,
KB02.xlsx,Activities,,اللغة التعبيرية,,,,,,,A059,لماذا اخترت؟,4.0,التعبير عن الرأي,تقديم سبب للاختيار,يعرض خياران ويطلب من الطفل اختيار أحدهما مع ذكر السبب.,بطاقات,10 دقائق,3 مرات أسبوعيًا,متوسط,اقبل جميع الأسباب المنطقية.,تحسن التبرير,ASHA,,,,,,,,,,,,,,,,,,,,,,,
KB02.xlsx,Activities,,اللغة التعبيرية,,,,,,,A060,أكمل الجملة,4.0,تكوين الجمل,إكمال الجمل,يبدأ ولي الأمر جملة ويطلب من الطفل إكمالها.,بطاقات جمل,10 دقائق,4 مرات أسبوعيًا,سهل,زد طول الجمل تدريجيًا.,تحسن بناء الجمل,ASHA,,,,,,,,,,,,,,,,,,,,,,,
KB02.xlsx,Activities,,اللغة التعبيرية,,,,,,,A061,اشرح الخطوات,4.0,التسلسل اللفظي,وصف خطوات مهمة,يشرح الطفل خطوات غسل اليدين أو إعداد وجبة بسيطة.,صور أو أدوات,15 دقيقة,3 مرات أسبوعيًا,متوسط,شجع استخدام أولًا ثم أخيرًا.,تحسن التسلسل,CDC,,,,,,,,,,,,,,,,,,,,,,,
KB02.xlsx,Activities,,اللغة التعبيرية,,,,,,,A062,ماذا سيحدث؟,4.0,التنبؤ,التعبير الاستنتاجي,اعرض بداية موقف واطلب من الطفل توقع ما سيحدث.,صور,10 دقائق,3 مرات أسبوعيًا,متوسط,ناقش أكثر من احتمال.,تنمية التفكير واللغة,ASHA,,,,,,,,,,,,,,,,,,,,,,,
KB02.xlsx,Activities,,التواصل والمهارات الاجتماعية,,,,,,,A063,حوار اليوم,4.0,المحادثة,تنمية الحوار المتبادل,يتبادل الطفل الحديث مع أحد الوالدين حول أحداث يومه.,لا يوجد,10 دقائق,4 مرات أسبوعيًا,سهل,اطرح أسئلة مفتوحة وشجع الطفل على التوسع.,تحسن مهارات الحوار,ASHA,,,,,,,,,,,,,,,,,,,,,,,
KB02.xlsx,Activities,,التواصل والمهارات الاجتماعية,,,,,,,A064,لعبة التعاون,4.0,التعاون,تعزيز العمل الجماعي,يبني الطفل نموذجًا بالمكعبات مع شخص آخر.,مكعبات,15 دقيقة,3 مرات أسبوعيًا,متوسط,وزع الأدوار بين المشاركين.,زيادة التعاون,CDC,,,,,,,,,,,,,,,,,,,,,,,
KB02.xlsx,Activities,,التواصل والمهارات الاجتماعية,,,,,,,A065,ماذا يشعر؟,4.0,فهم المشاعر,تمييز مشاعر الآخرين,اعرض صورًا لأشخاص واطلب من الطفل تحديد شعورهم وسببه.,بطاقات مشاعر,10 دقائق,3 مرات أسبوعيًا,متوسط,ناقش أسباب المشاعر.,تحسن التعاطف,ASHA,,,,,,,,,,,,,,,,,,,,,,,
KB02.xlsx,Activities,,التواصل والمهارات الاجتماعية,,,,,,,A066,حل المشكلة,4.0,حل المشكلات,استخدام اللغة لحل الخلافات,اعرض موقفًا اجتماعيًا واطلب من الطفل اقتراح حل.,بطاقات مواقف,10 دقائق,3 مرات أسبوعيًا,متوسط,شجع أكثر من حل.,تحسن التفكير الاجتماعي,CDC,,,,,,,,,,,,,,,,,,,,,,,
KB02.xlsx,Activities,,التواصل والمهارات الاجتماعية,,,,,,,A067,لعب الأدوار,4.0,اللعب التخيلي,تنمية التواصل,يمثل الطفل دور المعلم أو الطبيب مع شخص آخر.,ألعاب تمثيلية,15 دقيقة,3 مرات أسبوعيًا,متوسط,شارك الطفل في الحوار.,تحسن التواصل,ASHA,,,,,,,,,,,,,,,,,,,,,,,
KB02.xlsx,Activities,,التواصل والمهارات الاجتماعية,,,,,,,A068,اسأل صديقك,4.0,طرح الأسئلة,تنمية المبادرة الاجتماعية,يشجع الطفل على طرح أسئلة على أحد أفراد الأسرة أو صديق.,لا يوجد,10 دقائق,4 مرات أسبوعيًا,سهل,علمه انتظار الإجابة.,زيادة المبادرة الاجتماعية,NIDCD,,,,,,,,,,,,,,,,,,,,,,,
KB02.xlsx,Activities,,النطق,,,,,,,A069,قلها بوضوح,4.0,وضوح النطق,تحسين وضوح نطق الكلمات,ينطق الطفل كلمات وجمل قصيرة مع التركيز على مخارج الحروف.,بطاقات كلمات,10 دقائق,4 مرات أسبوعيًا,متوسط,تحدث ببطء وامنح الطفل وقتًا للتكرار.,زيادة وضوح النطق,ASHA,,,,,,,,,,,,,,,,,,,,,,,
KB02.xlsx,Activities,,النطق,,,,,,,A070,المرآة والشفاه,4.0,مخارج الحروف,مراقبة حركة أعضاء النطق,يقلد الطفل حركات الشفاه واللسان أمام المرآة.,مرآة,10 دقائق,4 مرات أسبوعيًا,سهل,اجعل الحركات واضحة وبطيئة.,تحسن مخارج الحروف,ASHA,,,,,,,,,,,,,,,,,,,,,,,
KB02.xlsx,Activities,,النطق,,,,,,,A071,كرر الجملة الطويلة,4.0,وضوح الكلام,تحسين نطق الجمل,يكرر الطفل جملًا من 5–7 كلمات.,بطاقات جمل,10 دقائق,3 مرات أسبوعيًا,متوسط,ابدأ بجمل قصيرة ثم زد طولها.,تحسن وضوح الجمل,CDC,,,,,,,,,,,,,,,,,,,,,,,
KB02.xlsx,Activities,,النطق,,,,,,,A072,اسمع وميز,4.0,التمييز السمعي,تمييز الأصوات المتقاربة,يستمع الطفل لأزواج كلمات متشابهة ويميز بينها.,تسجيلات أو بطاقات,10 دقائق,3 مرات أسبوعيًا,متوسط,استخدم كلمات مألوفة.,تحسن التمييز السمعي,ASHA,,,,,,,,,,,,,,,,,,,,,,,
KB02.xlsx,Activities,,النطق,,,,,,,A073,قصة بصوت واضح,4.0,الطلاقة,التحدث بطلاقة,يسرد الطفل قصة قصيرة مع الحفاظ على وضوح صوته.,كتاب مصور,15 دقيقة,3 مرات أسبوعيًا,متوسط,لا تقاطعه أثناء السرد.,تحسن الطلاقة,NIDCD,,,,,,,,,,,,,,,,,,,,,,,
KB02.xlsx,Activities,,النطق,,,,,,,A074,لعبة الأصوات,4.0,إنتاج الأصوات,التدرب على الأصوات الصعبة,يتدرب الطفل على أصوات مستهدفة داخل كلمات بسيطة.,بطاقات أصوات,10 دقائق,4 مرات أسبوعيًا,متوسط,ركز على صوت واحد في كل جلسة.,تحسن إنتاج الأصوات,ASHA,,,,,,,,,,,,,,,,,,,,,,,
KB02.xlsx,Activities,,النطق,,,,,,,A075,تحدث أثناء اللعب,4.0,استخدام الكلام,دمج الكلام أثناء اللعب,يشجع الطفل على وصف ما يفعله أثناء اللعب الحر.,ألعاب متنوعة,15 دقيقة,يوميًا,سهل,وسع جمل الطفل بإضافة مفردات جديدة.,زيادة استخدام الكلام,CDC,,,,,,,,,,,,,,,,,,,,,,,
KB02.xlsx,Activities,,اللغة الاستقبالية,,,,,,,A076,نفذ المهمة,5.0,اتباع التعليمات,تنفيذ تعليمات متعددة الخطوات,اطلب من الطفل تنفيذ 3-4 تعليمات متتابعة.,أدوات منزلية,10 دقائق,4 مرات أسبوعيًا,متوسط,زد تعقيد التعليمات تدريجيًا.,تحسن تنفيذ التعليمات,ASHA,,,,,,,,,,,,,,,,,,,,,,,
KB02.xlsx,Activities,,اللغة الاستقبالية,,,,,,,A077,استمع للقصة,5.0,الاستيعاب,فهم القصص,اقرأ قصة ثم اطرح أسئلة عن الشخصيات والأحداث.,كتاب قصص,15 دقيقة,3 مرات أسبوعيًا,متوسط,شجع الطفل على تبرير إجاباته.,تحسن الاستيعاب,ASHA,,,,,,,,,,,,,,,,,,,,,,,
KB02.xlsx,Activities,,اللغة الاستقبالية,,,,,,,A078,لماذا حدث؟,5.0,الاستنتاج,فهم السبب والنتيجة,اعرض موقفًا واطلب تفسير السبب.,بطاقات مواقف,10 دقائق,3 مرات أسبوعيًا,متوسط,ناقش أكثر من احتمال.,تحسن التفكير,CDC,,,,,,,,,,,,,,,,,,,,,,,
KB02.xlsx,Activities,,اللغة الاستقبالية,,,,,,,A079,صنفها,5.0,التصنيف,تصنيف متعدد الخصائص,يصنف الطفل الأشياء حسب اللون والشكل.,بطاقات,10 دقائق,3 مرات أسبوعيًا,متوسط,ابدأ بخاصية واحدة ثم اثنتين.,تحسن التصنيف,ASHA,,,,,,,,,,,,,,,,,,,,,,,
KB02.xlsx,Activities,,اللغة الاستقبالية,,,,,,,A080,اتبع الخريطة,5.0,مفاهيم المكان,اتباع الاتجاهات,يتبع الطفل تعليمات للوصول إلى هدف داخل الغرفة.,بطاقات اتجاه,10 دقائق,3 مرات أسبوعيًا,متوسط,استخدم كلمات أمام وخلف ويمين ويسار.,تحسن فهم الاتجاهات,CDC,,,,,,,,,,,,,,,,,,,,,,,
KB02.xlsx,Activities,,اللغة الاستقبالية,,,,,,,A081,اسمع واستنتج,5.0,الاستنتاج,فهم النصوص,استمع لنص قصير واستنتج معلومة غير مذكورة مباشرة.,قصة قصيرة,15 دقيقة,3 مرات أسبوعيًا,متوسط,اطرح أسئلة مفتوحة.,تحسن الاستنتاج,ASHA,,,,,,,,,,,,,,,,,,,,,,,
KB02.xlsx,Activities,,اللغة التعبيرية,,,,,,,A082,احكِ قصة كاملة,5.0,السرد,تنمية السرد المنظم,يستخدم الطفل سلسلة صور لسرد قصة ببداية ووسط ونهاية.,صور متسلسلة,15 دقيقة,3 مرات أسبوعيًا,متوسط,شجع استخدام كلمات الربط مثل أولاً ثم وأخيرًا.,تحسن السرد,ASHA,,,,,,,,,,,,,,,,,,,,,,,
KB02.xlsx,Activities,,اللغة التعبيرية,,,,,,,A083,اشرح السبب,5.0,التعبير عن الرأي,تقديم أسباب منطقية,اسأل الطفل لماذا اختار شيئًا معينًا واطلب منه التبرير.,بطاقات,10 دقائق,3 مرات أسبوعيًا,متوسط,اقبل أكثر من إجابة منطقية.,تحسن التبرير,ASHA,,,,,,,,,,,,,,,,,,,,,,,
KB02.xlsx,Activities,,اللغة التعبيرية,,,,,,,A084,صف المشهد,5.0,الوصف,وصف التفاصيل,اعرض صورة مليئة بالتفاصيل واطلب وصفها.,صور,10 دقائق,4 مرات أسبوعيًا,متوسط,شجع استخدام الصفات.,زيادة المفردات,CDC,,,,,,,,,,,,,,,,,,,,,,,
KB02.xlsx,Activities,,اللغة التعبيرية,,,,,,,A085,اشرح الخطوات,5.0,التسلسل,وصف خطوات نشاط,يشرح الطفل خطوات إعداد نشاط بسيط.,أدوات منزلية,15 دقيقة,3 مرات أسبوعيًا,متوسط,ساعده باستخدام كلمات الترتيب.,تحسن التسلسل,ASHA,,,,,,,,,,,,,,,,,,,,,,,
KB02.xlsx,Activities,,اللغة التعبيرية,,,,,,,A086,ماذا سيحدث بعد ذلك؟,5.0,التنبؤ,التعبير الاستنتاجي,اعرض بداية قصة واطلب توقع النهاية.,كتاب أو صور,10 دقائق,3 مرات أسبوعيًا,متوسط,ناقش جميع التوقعات.,تنمية التفكير,CDC,,,,,,,,,,,,,,,,,,,,,,,
KB02.xlsx,Activities,,اللغة التعبيرية,,,,,,,A087,مقابلة قصيرة,5.0,المحادثة,الإجابة بجمل كاملة,أجرِ مقابلة قصيرة مع الطفل حول اهتماماته.,لا يوجد,10 دقائق,4 مرات أسبوعيًا,سهل,استخدم أسئلة مفتوحة.,تحسن التعبير,ASHA,,,,,,,,,,,,,,,,,,,,,,,
KB02.xlsx,Activities,,التواصل والمهارات الاجتماعية,,,,,,,A088,ناقش الشعور,5.0,التعبير عن المشاعر,التعبير عن المشاعر وأسبابها,اعرض مواقف اجتماعية واطلب من الطفل وصف شعوره وسبب ذلك.,بطاقات مواقف,10 دقائق,3 مرات أسبوعيًا,متوسط,شجع الطفل على استخدام جمل كاملة.,تحسن التعبير الاجتماعي,ASHA,,,,,,,,,,,,,,,,,,,,,,,
KB02.xlsx,Activities,,التواصل والمهارات الاجتماعية,,,,,,,A089,حل المشكلة معًا,5.0,حل المشكلات,اقتراح حلول اجتماعية,اعرض موقف خلاف بين طفلين واطلب من الطفل اقتراح حل.,بطاقات,10 دقائق,3 مرات أسبوعيًا,متوسط,ناقش أكثر من حل ممكن.,تحسن التفكير الاجتماعي,CDC,,,,,,,,,,,,,,,,,,,,,,,
KB02.xlsx,Activities,,التواصل والمهارات الاجتماعية,,,,,,,A090,لعبة الحوار,5.0,المحادثة,المحافظة على الحوار,يتبادل الطفل الحديث حول موضوع يختاره لمدة دقيقتين.,لا يوجد,10 دقائق,4 مرات أسبوعيًا,متوسط,استخدم أسئلة مفتوحة.,تحسن مهارات الحوار,ASHA,,,,,,,,,,,,,,,,,,,,,,,
KB02.xlsx,Activities,,التواصل والمهارات الاجتماعية,,,,,,,A091,العمل الجماعي,5.0,التعاون,تعزيز العمل الجماعي,ينجز الطفل مشروعًا بسيطًا مع أحد أفراد الأسرة.,أدوات أشغال,20 دقيقة,مرتان أسبوعيًا,متوسط,وزع الأدوار بالتساوي.,زيادة التعاون,CDC,,,,,,,,,,,,,,,,,,,,,,,
KB02.xlsx,Activities,,التواصل والمهارات الاجتماعية,,,,,,,A092,لعب الأدوار المتقدم,5.0,اللعب التخيلي,تنمية التواصل,يمثل الطفل مواقف مثل زيارة الطبيب أو التسوق.,ألعاب تمثيلية,15 دقيقة,3 مرات أسبوعيًا,متوسط,شجع الحوار الطبيعي.,تحسن التواصل,ASHA,,,,,,,,,,,,,,,,,,,,,,,
KB02.xlsx,Activities,,التواصل والمهارات الاجتماعية,,,,,,,A093,قدّم نفسك,5.0,المبادرة الاجتماعية,بناء الثقة,يتدرب الطفل على التعريف بنفسه واهتماماته.,لا يوجد,10 دقائق,4 مرات أسبوعيًا,سهل,شجعه على التواصل البصري.,زيادة الثقة الاجتماعية,NIDCD,,,,,,,,,,,,,,,,,,,,,,,
KB02.xlsx,Activities,,النطق,,,,,,,A094,تحدث بوضوح,5.0,وضوح النطق,تحسين وضوح نطق الكلمات,يتدرب الطفل على نطق كلمات وجمل تحتوي على الأصوات المستهدفة.,بطاقات كلمات,10 دقائق,4 مرات أسبوعيًا,متوسط,ركز على صوت واحد في كل جلسة.,زيادة وضوح النطق,ASHA,,,,,,,,,,,,,,,,,,,,,,,
KB02.xlsx,Activities,,النطق,,,,,,,A095,اقرأ وكرر,5.0,وضوح الجمل,تحسين نطق الجمل,يقرأ ولي الأمر جملة قصيرة ويكررها الطفل بوضوح.,بطاقات جمل,10 دقائق,4 مرات أسبوعيًا,متوسط,شجع الطفل على التحدث ببطء.,تحسن وضوح الجمل,ASHA,,,,,,,,,,,,,,,,,,,,,,,
KB02.xlsx,Activities,,النطق,,,,,,,A096,المرآة الذكية,5.0,مخارج الحروف,تحسين حركة أعضاء النطق,يتدرب الطفل أمام المرآة على نطق الأصوات مع مراقبة حركة الفم.,مرآة,10 دقائق,3 مرات أسبوعيًا,سهل,اعرض النموذج أولًا.,تحسن مخارج الحروف,CDC,,,,,,,,,,,,,,,,,,,,,,,
KB02.xlsx,Activities,,النطق,,,,,,,A097,قصة بصوت معبر,5.0,الطلاقة,تنمية الطلاقة والتعبير,يسرد الطفل قصة مستخدمًا نبرة صوت مناسبة.,كتاب مصور,15 دقيقة,3 مرات أسبوعيًا,متوسط,شجع التنغيم والتوقفات الطبيعية.,تحسن الطلاقة,ASHA,,,,,,,,,,,,,,,,,,,,,,,
KB02.xlsx,Activities,,النطق,,,,,,,A098,اسمع وميز الأصوات,5.0,التمييز السمعي,تمييز الأصوات المتشابهة,يستمع الطفل لكلمات متقاربة في النطق ويميز بينها.,تسجيلات أو بطاقات,10 دقائق,3 مرات أسبوعيًا,متوسط,استخدم كلمات مألوفة.,تحسن التمييز السمعي,CDC,,,,,,,,,,,,,,,,,,,,,,,
KB02.xlsx,Activities,,النطق,,,,,,,A099,حديث أمام العائلة,5.0,الثقة في الكلام,زيادة الثقة بالتحدث,يقدم الطفل وصفًا أو قصة قصيرة أمام أفراد الأسرة.,لا يوجد,10 دقائق,مرتان أسبوعيًا,متوسط,امتدح الجهد وليس الكمال.,زيادة الثقة والوضوح,ASHA,,,,,,,,,,,,,,,,,,,,,,,
KB02.xlsx,Activities,,النطق,,,,,,,A100,مسرح الدمى,5.0,استخدام الكلام,استخدام اللغة بطلاقة أثناء اللعب,يستخدم الطفل الدمى لتمثيل حوار قصير مع تغيير الأصوات والنبرات.,دمى,15 دقيقة,3 مرات أسبوعيًا,سهل,شجع الإبداع والتعبير الحر.,زيادة استخدام الكلام بطلاقة,NIDCD,,,,,,,,,,,,,,,,,,,,,,,
KB03.xlsx,Decision_Rules,,اللغة الاستقبالية,,,,,,,,,2.0,,,,,,,,,,ASHA,R001,Score ≥ 85%,طبيعي,استمر في الأنشطة اليومية المناسبة للعمر مع متابعة دورية.,"A001,A002",إعادة التقييم بعد 3 أشهر,لا,,,,,,,,,,,,,,,,
KB03.xlsx,Decision_Rules,,اللغة الاستقبالية,,,,,,,,,2.0,,,,,,,,,,ASHA,R002,Score 70–84%,تأخر بسيط,ركز على تحسين فهم التعليمات والمفردات باستخدام الأنشطة المناسبة.,"A001,A002,A003,A005",إعادة التقييم بعد 4 أسابيع,لا,,,,,,,,,,,,,,,,
KB03.xlsx,Decision_Rules,,اللغة الاستقبالية,,,,,,,,,2.0,,,,,,,,,,ASHA,R003,Score 50–69%,تأخر متوسط,نفذ برنامجًا منزليًا يوميًا مع التركيز على فهم اللغة.,"A001,A002,A003,A004,A005,A006",إعادة التقييم بعد أسبوعين,يُنظر في الإحالة,,,,,,,,,,,,,,,,
KB03.xlsx,Decision_Rules,,اللغة الاستقبالية,,,,,,,,,2.0,,,,,,,,,,"ASHA, CDC",R004,Score < 50%,تأخر ملحوظ,ابدأ برنامجًا منزليًا مكثفًا ويوصى بمراجعة أخصائي تخاطب.,A001-A006,متابعة أسبوعية,نعم,,,,,,,,,,,,,,,,
KB03.xlsx,Decision_Rules,,اللغة التعبيرية,,,,,,,,,2.0,,,,,,,,,,ASHA,R005,Score ≥ 85%,طبيعي,استمر في تشجيع الطفل على استخدام الكلمات والجمل اليومية.,"A007,A008",إعادة التقييم بعد 3 أشهر,لا,,,,,,,,,,,,,,,,
KB03.xlsx,Decision_Rules,,اللغة التعبيرية,,,,,,,,,2.0,,,,,,,,,,ASHA,R006,Score 70–84%,تأخر بسيط,ركز على زيادة المفردات والتعبير عن الاحتياجات.,"A007,A008,A009,A011",إعادة التقييم بعد 4 أسابيع,لا,,,,,,,,,,,,,,,,
KB03.xlsx,Decision_Rules,,اللغة التعبيرية,,,,,,,,,2.0,,,,,,,,,,ASHA,R007,Score 50–69%,تأخر متوسط,نفذ أنشطة التعبير اللفظي يوميًا مع تعزيز إيجابي.,"A007,A008,A009,A010,A011,A012",إعادة التقييم بعد أسبوعين,يُنظر في الإحالة,,,,,,,,,,,,,,,,
KB03.xlsx,Decision_Rules,,اللغة التعبيرية,,,,,,,,,2.0,,,,,,,,,,"ASHA, CDC",R008,Score < 50%,تأخر ملحوظ,ابدأ برنامجًا منزليًا مكثفًا مع التوصية بتقييم أخصائي تخاطب.,A007-A012,متابعة أسبوعية,نعم,,,,,,,,,,,,,,,,
KB03.xlsx,Decision_Rules,,التواصل والمهارات الاجتماعية,,,,,,,,,2.0,,,,,,,,,,ASHA,R009,Score ≥ 85%,طبيعي,استمر في الأنشطة الاجتماعية المناسبة للعمر.,"A013,A014",إعادة التقييم بعد 3 أشهر,لا,,,,,,,,,,,,,,,,
KB03.xlsx,Decision_Rules,,التواصل والمهارات الاجتماعية,,,,,,,,,2.0,,,,,,,,,,ASHA,R010,Score 70–84%,تأخر بسيط,شجع المشاركة واللعب التفاعلي يوميًا.,"A013,A014,A015,A016",إعادة التقييم بعد 4 أسابيع,لا,,,,,,,,,,,,,,,,
KB03.xlsx,Decision_Rules,,التواصل والمهارات الاجتماعية,,,,,,,,,2.0,,,,,,,,,,CDC,R011,Score 50–69%,تأخر متوسط,زد فرص التفاعل الاجتماعي مع أفراد الأسرة.,"A013,A014,A015,A016,A017,A018",إعادة التقييم بعد أسبوعين,يُنظر في الإحالة,,,,,,,,,,,,,,,,
KB03.xlsx,Decision_Rules,,التواصل والمهارات الاجتماعية,,,,,,,,,2.0,,,,,,,,,,ASHA,R012,Score < 50%,تأخر ملحوظ,نفذ برنامجًا منزليًا مكثفًا مع مراجعة مختص إذا استمرت الصعوبات.,A013-A018,متابعة أسبوعية,نعم,,,,,,,,,,,,,,,,
KB03.xlsx,Decision_Rules,,النطق,,,,,,,,,2.0,,,,,,,,,,ASHA,R013,Score ≥ 85%,طبيعي,استمر في أنشطة النطق اليومية.,"A019,A021",إعادة التقييم بعد 3 أشهر,لا,,,,,,,,,,,,,,,,
KB03.xlsx,Decision_Rules,,النطق,,,,,,,,,2.0,,,,,,,,,,ASHA,R014,Score 70–84%,تأخر بسيط,ركز على وضوح النطق وتمييز الأصوات.,"A019,A021,A022,A023",إعادة التقييم بعد 4 أسابيع,لا,,,,,,,,,,,,,,,,
KB03.xlsx,Decision_Rules,,النطق,,,,,,,,,2.0,,,,,,,,,,ASHA,R015,Score 50–69%,تأخر متوسط,نفذ أنشطة النطق يوميًا مع متابعة التقدم.,"A019,A020,A021,A022,A023,A024,A025",إعادة التقييم بعد أسبوعين,يُنظر في الإحالة,,,,,,,,,,,,,,,,
KB03.xlsx,Decision_Rules,,النطق,,,,,,,,,2.0,,,,,,,,,,"ASHA, CDC",R016,Score < 50%,تأخر ملحوظ,يوصى ببرنامج منزلي مكثف مع إحالة لأخصائي تخاطب.,A019-A025,متابعة أسبوعية,نعم,,,,,,,,,,,,,,,,
KB03.xlsx,Decision_Rules,,اللغة الاستقبالية,,,,,,,,,3.0,,,,,,,,,,ASHA,R017,Score ≥ 85%,طبيعي,استمر في تنمية الفهم اللغوي من خلال القصص والأنشطة اليومية.,"A026,A027",إعادة التقييم بعد 3 أشهر,لا,,,,,,,,,,,,,,,,
KB03.xlsx,Decision_Rules,,اللغة الاستقبالية,,,,,,,,,3.0,,,,,,,,,,ASHA,R018,Score 70–84%,تأخر بسيط,ركز على فهم التعليمات والتسلسل.,"A026,A027,A028,A031",إعادة التقييم بعد 4 أسابيع,لا,,,,,,,,,,,,,,,,
KB03.xlsx,Decision_Rules,,اللغة الاستقبالية,,,,,,,,,3.0,,,,,,,,,,ASHA,R019,Score 50–69%,تأخر متوسط,نفذ أنشطة الفهم والاستيعاب بشكل يومي.,"A026,A027,A028,A029,A030,A031",إعادة التقييم بعد أسبوعين,يُنظر في الإحالة,,,,,,,,,,,,,,,,
KB03.xlsx,Decision_Rules,,اللغة الاستقبالية,,,,,,,,,3.0,,,,,,,,,,"ASHA, CDC",R020,Score < 50%,تأخر ملحوظ,برنامج منزلي مكثف مع التوصية بتقييم أخصائي.,A026-A031,متابعة أسبوعية,نعم,,,,,,,,,,,,,,,,
KB03.xlsx,Decision_Rules,,اللغة التعبيرية,,,,,,,,,3.0,,,,,,,,,,ASHA,R021,Score ≥ 85%,طبيعي,استمر في تشجيع السرد والوصف.,"A032,A033",إعادة التقييم بعد 3 أشهر,لا,,,,,,,,,,,,,,,,
KB03.xlsx,Decision_Rules,,اللغة التعبيرية,,,,,,,,,3.0,,,,,,,,,,ASHA,R022,Score 70–84%,تأخر بسيط,زد فرص التعبير اللفظي باستخدام الصور.,"A032,A033,A034,A035",إعادة التقييم بعد 4 أسابيع,لا,,,,,,,,,,,,,,,,
KB03.xlsx,Decision_Rules,,اللغة التعبيرية,,,,,,,,,3.0,,,,,,,,,,ASHA,R023,Score 50–69%,تأخر متوسط,نفذ أنشطة التعبير يوميًا مع التعزيز.,"A032,A033,A034,A035,A036,A037",إعادة التقييم بعد أسبوعين,يُنظر في الإحالة,,,,,,,,,,,,,,,,
KB03.xlsx,Decision_Rules,,اللغة التعبيرية,,,,,,,,,3.0,,,,,,,,,,"ASHA, CDC",R024,Score < 50%,تأخر ملحوظ,يوصى بخطة منزلية مكثفة وإحالة إذا استمرت الصعوبة.,A032-A037,متابعة أسبوعية,نعم,,,,,,,,,,,,,,,,
KB03.xlsx,Decision_Rules,,التواصل والمهارات الاجتماعية,,,,,,,,,3.0,,,,,,,,,,ASHA,R025,Score ≥ 85%,طبيعي,استمر في تعزيز الحوار والتعاون.,"A038,A039",إعادة التقييم بعد 3 أشهر,لا,,,,,,,,,,,,,,,,
KB03.xlsx,Decision_Rules,,التواصل والمهارات الاجتماعية,,,,,,,,,3.0,,,,,,,,,,ASHA,R026,Score 70–84%,تأخر بسيط,ركز على المشاركة وفهم المشاعر.,"A038,A039,A040,A041",إعادة التقييم بعد 4 أسابيع,لا,,,,,,,,,,,,,,,,
KB03.xlsx,Decision_Rules,,التواصل والمهارات الاجتماعية,,,,,,,,,3.0,,,,,,,,,,CDC,R027,Score 50–69%,تأخر متوسط,زد الأنشطة الاجتماعية اليومية.,"A038,A039,A040,A041,A042,A043",إعادة التقييم بعد أسبوعين,يُنظر في الإحالة,,,,,,,,,,,,,,,,
KB03.xlsx,Decision_Rules,,التواصل والمهارات الاجتماعية,,,,,,,,,3.0,,,,,,,,,,ASHA,R028,Score < 50%,تأخر ملحوظ,برنامج تفاعل اجتماعي مكثف مع متابعة مختص عند الحاجة.,A038-A043,متابعة أسبوعية,نعم,,,,,,,,,,,,,,,,
KB03.xlsx,Decision_Rules,,النطق,,,,,,,,,3.0,,,,,,,,,,ASHA,R029,Score ≥ 85%,طبيعي,استمر في أنشطة النطق المناسبة.,"A044,A045",إعادة التقييم بعد 3 أشهر,لا,,,,,,,,,,,,,,,,
KB03.xlsx,Decision_Rules,,النطق,,,,,,,,,3.0,,,,,,,,,,ASHA,R030,Score 70–84%,تأخر بسيط,ركز على وضوح النطق والتمييز السمعي.,"A044,A045,A046,A047",إعادة التقييم بعد 4 أسابيع,لا,,,,,,,,,,,,,,,,
KB03.xlsx,Decision_Rules,,النطق,,,,,,,,,3.0,,,,,,,,,,ASHA,R031,Score 50–69%,تأخر متوسط,نفذ أنشطة النطق بشكل يومي.,"A044,A045,A046,A047,A048,A049,A050",إعادة التقييم بعد أسبوعين,يُنظر في الإحالة,,,,,,,,,,,,,,,,
KB03.xlsx,Decision_Rules,,النطق,,,,,,,,,3.0,,,,,,,,,,"ASHA, CDC",R032,Score < 50%,تأخر ملحوظ,إحالة لأخصائي مع برنامج منزلي مكثف.,A044-A050,متابعة أسبوعية,نعم,,,,,,,,,,,,,,,,
KB03.xlsx,Decision_Rules,,اللغة الاستقبالية,,,,,,,,,4.0,,,,,,,,,,ASHA,R033,Score ≥ 85%,طبيعي,استمر في تنمية الفهم من خلال القصص والتعليمات متعددة الخطوات.,"A051,A052",إعادة التقييم بعد 3 أشهر,لا,,,,,,,,,,,,,,,,
KB03.xlsx,Decision_Rules,,اللغة الاستقبالية,,,,,,,,,4.0,,,,,,,,,,ASHA,R034,Score 70–84%,تأخر بسيط,ركز على التسلسل، الوصف، والسبب والنتيجة.,"A051,A052,A053,A055",إعادة التقييم بعد 4 أسابيع,لا,,,,,,,,,,,,,,,,
KB03.xlsx,Decision_Rules,,اللغة الاستقبالية,,,,,,,,,4.0,,,,,,,,,,ASHA,R035,Score 50–69%,تأخر متوسط,نفذ أنشطة الفهم والاستيعاب بصورة يومية.,"A051,A052,A053,A054,A055,A056",إعادة التقييم بعد أسبوعين,يُنظر في الإحالة,,,,,,,,,,,,,,,,
KB03.xlsx,Decision_Rules,,اللغة الاستقبالية,,,,,,,,,4.0,,,,,,,,,,"ASHA, CDC",R036,Score < 50%,تأخر ملحوظ,ابدأ برنامجًا منزليًا مكثفًا مع التوصية بمراجعة أخصائي.,A051-A056,متابعة أسبوعية,نعم,,,,,,,,,,,,,,,,
KB03.xlsx,Decision_Rules,,اللغة التعبيرية,,,,,,,,,4.0,,,,,,,,,,ASHA,R037,Score ≥ 85%,طبيعي,استمر في تنمية السرد والوصف والتعبير.,"A057,A058",إعادة التقييم بعد 3 أشهر,لا,,,,,,,,,,,,,,,,
KB03.xlsx,Decision_Rules,,اللغة التعبيرية,,,,,,,,,4.0,,,,,,,,,,ASHA,R038,Score 70–84%,تأخر بسيط,شجع الطفل على وصف الأحداث والتعبير عن رأيه.,"A057,A058,A059,A060",إعادة التقييم بعد 4 أسابيع,لا,,,,,,,,,,,,,,,,
KB03.xlsx,Decision_Rules,,اللغة التعبيرية,,,,,,,,,4.0,,,,,,,,,,ASHA,R039,Score 50–69%,تأخر متوسط,نفذ أنشطة التعبير اللفظي يوميًا.,"A057,A058,A059,A060,A061,A062",إعادة التقييم بعد أسبوعين,يُنظر في الإحالة,,,,,,,,,,,,,,,,
KB03.xlsx,Decision_Rules,,اللغة التعبيرية,,,,,,,,,4.0,,,,,,,,,,"ASHA, CDC",R040,Score < 50%,تأخر ملحوظ,برنامج منزلي مكثف مع تقييم متخصص عند الحاجة.,A057-A062,متابعة أسبوعية,نعم,,,,,,,,,,,,,,,,
KB03.xlsx,Decision_Rules,,التواصل والمهارات الاجتماعية,,,,,,,,,4.0,,,,,,,,,,ASHA,R041,Score ≥ 85%,طبيعي,استمر في دعم الحوار والتعاون.,"A063,A064",إعادة التقييم بعد 3 أشهر,لا,,,,,,,,,,,,,,,,
KB03.xlsx,Decision_Rules,,التواصل والمهارات الاجتماعية,,,,,,,,,4.0,,,,,,,,,,ASHA,R042,Score 70–84%,تأخر بسيط,ركز على المشاعر وحل المشكلات الاجتماعية.,"A063,A064,A065,A066",إعادة التقييم بعد 4 أسابيع,لا,,,,,,,,,,,,,,,,
KB03.xlsx,Decision_Rules,,التواصل والمهارات الاجتماعية,,,,,,,,,4.0,,,,,,,,,,CDC,R043,Score 50–69%,تأخر متوسط,زد فرص اللعب التعاوني والحوار.,"A063,A064,A065,A066,A067,A068",إعادة التقييم بعد أسبوعين,يُنظر في الإحالة,,,,,,,,,,,,,,,,
KB03.xlsx,Decision_Rules,,التواصل والمهارات الاجتماعية,,,,,,,,,4.0,,,,,,,,,,ASHA,R044,Score < 50%,تأخر ملحوظ,برنامج تفاعل اجتماعي مكثف مع إحالة إذا لزم.,A063-A068,متابعة أسبوعية,نعم,,,,,,,,,,,,,,,,
KB03.xlsx,Decision_Rules,,النطق,,,,,,,,,4.0,,,,,,,,,,ASHA,R045,Score ≥ 85%,طبيعي,استمر في أنشطة وضوح النطق.,"A069,A070",إعادة التقييم بعد 3 أشهر,لا,,,,,,,,,,,,,,,,
KB03.xlsx,Decision_Rules,,النطق,,,,,,,,,4.0,,,,,,,,,,ASHA,R046,Score 70–84%,تأخر بسيط,ركز على مخارج الحروف والطلاقة.,"A069,A070,A071,A072",إعادة التقييم بعد 4 أسابيع,لا,,,,,,,,,,,,,,,,
KB03.xlsx,Decision_Rules,,النطق,,,,,,,,,4.0,,,,,,,,,,ASHA,R047,Score 50–69%,تأخر متوسط,نفذ تدريبات النطق بصورة يومية.,"A069,A070,A071,A072,A073,A074,A075",إعادة التقييم بعد أسبوعين,يُنظر في الإحالة,,,,,,,,,,,,,,,,
KB03.xlsx,Decision_Rules,,النطق,,,,,,,,,4.0,,,,,,,,,,"ASHA, CDC",R048,Score < 50%,تأخر ملحوظ,يوصى ببرنامج مكثف وإحالة لأخصائي.,A069-A075,متابعة أسبوعية,نعم,,,,,,,,,,,,,,,,
KB03.xlsx,Decision_Rules,,اللغة الاستقبالية,,,,,,,,,5.0,,,,,,,,,,ASHA,R049,Score ≥ 85%,طبيعي,استمر في تنمية الفهم اللغوي من خلال القصص والنقاش.,"A076,A077",إعادة التقييم بعد 3 أشهر,لا,,,,,,,,,,,,,,,,
KB03.xlsx,Decision_Rules,,اللغة الاستقبالية,,,,,,,,,5.0,,,,,,,,,,ASHA,R050,Score 70–84%,تأخر بسيط,ركز على الاستنتاج والتعليمات متعددة الخطوات.,"A076,A077,A078,A081",إعادة التقييم بعد 4 أسابيع,لا,,,,,,,,,,,,,,,,
KB03.xlsx,Decision_Rules,,اللغة الاستقبالية,,,,,,,,,5.0,,,,,,,,,,ASHA,R051,Score 50–69%,تأخر متوسط,نفذ أنشطة الفهم والاستنتاج بشكل يومي.,"A076,A077,A078,A079,A080,A081",إعادة التقييم بعد أسبوعين,يُنظر في الإحالة,,,,,,,,,,,,,,,,
KB03.xlsx,Decision_Rules,,اللغة الاستقبالية,,,,,,,,,5.0,,,,,,,,,,"ASHA, CDC",R052,Score < 50%,تأخر ملحوظ,ابدأ برنامجًا منزليًا مكثفًا مع التوصية بمراجعة أخصائي.,A076-A081,متابعة أسبوعية,نعم,,,,,,,,,,,,,,,,
KB03.xlsx,Decision_Rules,,اللغة التعبيرية,,,,,,,,,5.0,,,,,,,,,,ASHA,R053,Score ≥ 85%,طبيعي,استمر في تشجيع السرد والوصف والتبرير.,"A082,A083",إعادة التقييم بعد 3 أشهر,لا,,,,,,,,,,,,,,,,
KB03.xlsx,Decision_Rules,,اللغة التعبيرية,,,,,,,,,5.0,,,,,,,,,,ASHA,R054,Score 70–84%,تأخر بسيط,ركز على التعبير بجمل كاملة وتوضيح الأسباب.,"A082,A083,A084,A085",إعادة التقييم بعد 4 أسابيع,لا,,,,,,,,,,,,,,,,
KB03.xlsx,Decision_Rules,,اللغة التعبيرية,,,,,,,,,5.0,,,,,,,,,,ASHA,R055,Score 50–69%,تأخر متوسط,نفذ أنشطة التعبير اللفظي بصورة يومية.,"A082,A083,A084,A085,A086,A087",إعادة التقييم بعد أسبوعين,يُنظر في الإحالة,,,,,,,,,,,,,,,,
KB03.xlsx,Decision_Rules,,اللغة التعبيرية,,,,,,,,,5.0,,,,,,,,,,"ASHA, CDC",R056,Score < 50%,تأخر ملحوظ,برنامج منزلي مكثف مع تقييم أخصائي عند الحاجة.,A082-A087,متابعة أسبوعية,نعم,,,,,,,,,,,,,,,,
KB03.xlsx,Decision_Rules,,التواصل والمهارات الاجتماعية,,,,,,,,,5.0,,,,,,,,,,ASHA,R057,Score ≥ 85%,طبيعي,استمر في دعم الحوار والتعاون.,"A088,A090",إعادة التقييم بعد 3 أشهر,لا,,,,,,,,,,,,,,,,
KB03.xlsx,Decision_Rules,,التواصل والمهارات الاجتماعية,,,,,,,,,5.0,,,,,,,,,,ASHA,R058,Score 70–84%,تأخر بسيط,ركز على التعبير عن المشاعر وحل المشكلات.,"A088,A089,A090,A091",إعادة التقييم بعد 4 أسابيع,لا,,,,,,,,,,,,,,,,
KB03.xlsx,Decision_Rules,,التواصل والمهارات الاجتماعية,,,,,,,,,5.0,,,,,,,,,,CDC,R059,Score 50–69%,تأخر متوسط,زد فرص التفاعل واللعب التعاوني.,"A088,A089,A090,A091,A092,A093",إعادة التقييم بعد أسبوعين,يُنظر في الإحالة,,,,,,,,,,,,,,,,
KB03.xlsx,Decision_Rules,,التواصل والمهارات الاجتماعية,,,,,,,,,5.0,,,,,,,,,,ASHA,R060,Score < 50%,تأخر ملحوظ,برنامج تفاعل اجتماعي مكثف مع إحالة عند الحاجة.,A088-A093,متابعة أسبوعية,نعم,,,,,,,,,,,,,,,,
KB03.xlsx,Decision_Rules,,النطق,,,,,,,,,5.0,,,,,,,,,,ASHA,R061,Score ≥ 85%,طبيعي,استمر في أنشطة وضوح النطق والطلاقة.,"A094,A095",إعادة التقييم بعد 3 أشهر,لا,,,,,,,,,,,,,,,,
KB03.xlsx,Decision_Rules,,النطق,,,,,,,,,5.0,,,,,,,,,,ASHA,R062,Score 70–84%,تأخر بسيط,ركز على مخارج الحروف والطلاقة.,"A094,A095,A096,A097",إعادة التقييم بعد 4 أسابيع,لا,,,,,,,,,,,,,,,,
KB03.xlsx,Decision_Rules,,النطق,,,,,,,,,5.0,,,,,,,,,,ASHA,R063,Score 50–69%,تأخر متوسط,نفذ تدريبات النطق يوميًا مع متابعة التقدم.,"A094,A095,A096,A097,A098,A099,A100",إعادة التقييم بعد أسبوعين,يُنظر في الإحالة,,,,,,,,,,,,,,,,
KB03.xlsx,Decision_Rules,,النطق,,,,,,,,,5.0,,,,,,,,,,"ASHA, CDC",R064,Score < 50%,تأخر ملحوظ,يوصى ببرنامج مكثف وإحالة إلى أخصائي تخاطب.,A094-A100,متابعة أسبوعية,نعم,,,,,,,,,,,,,,,,
KB04.xlsx,التقرير_الأولي,,,,,,,,,,,,,,,,,,,,,,,,,,,,,رقم التقرير,REP-0001,,,,,,,,,,,,,,
KB04.xlsx,التقرير_الأولي,,,,,,,,,,,,,,,,,,,,,,,,,,,,,اسم الطفل,اسم الطفل,,,,,,,,,,,,,,
KB04.xlsx,التقرير_الأولي,,,,,,,,,,,,,,,,,,,,,,,,,,,,,العمر,2-5 سنوات,,,,,,,,,,,,,,
KB04.xlsx,التقرير_الأولي,,,,,,,,,,,,,,,,,,,,,,,,,,,,,تاريخ التقييم,YYYY-MM-DD,,,,,,,,,,,,,,
KB04.xlsx,التقرير_الأولي,,,,,,,,,,,,,,,,,,,,,,,,,,,,,النتيجة العامة,طبيعي / تأخر بسيط / تأخر متوسط / تأخر ملحوظ,,,,,,,,,,,,,,
KB04.xlsx,التقرير_الأولي,,,,,,,,,,,,,,,,,,,,,,,,,,,,,درجة اللغة الاستقبالية,90%,,,,,,,,,,,,,,
KB04.xlsx,التقرير_الأولي,,,,,,,,,,,,,,,,,,,,,,,,,,,,,درجة اللغة التعبيرية,75%,,,,,,,,,,,,,,
KB04.xlsx,التقرير_الأولي,,,,,,,,,,,,,,,,,,,,,,,,,,,,,درجة التواصل الاجتماعي,80%,,,,,,,,,,,,,,
KB04.xlsx,التقرير_الأولي,,,,,,,,,,,,,,,,,,,,,,,,,,,,,درجة النطق,68%,,,,,,,,,,,,,,
KB04.xlsx,التقرير_الأولي,,,,,,,,,,,,,,,,,,,,,,,,,,,,,ملخص الذكاء الاصطناعي,ملخص آلي لنتائج الطفل,,,,,,,,,,,,,,
KB04.xlsx,التقرير_الأولي,,,,,,,,,,,,,,,,,,,,,,,,,,,,,نقاط القوة,المجالات الأعلى أداءً,,,,,,,,,,,,,,
KB04.xlsx,التقرير_الأولي,,,,,,,,,,,,,,,,,,,,,,,,,,,,,الجوانب التي تحتاج دعمًا,المهارات التي تحتاج تدريبًا,,,,,,,,,,,,,,
KB04.xlsx,التقرير_الأولي,,,,,,,,,,,,,,,,,,,,,,,,,,,,,الأنشطة المقترحة,معرفات الأنشطة من KB02,,,,,,,,,,,,,,
KB04.xlsx,التقرير_الأولي,,,,,,,,,,,,,,,,,,,,,,,,,,,,,موعد إعادة التقييم,أسبوعان / 4 أسابيع / 3 أشهر,,,,,,,,,,,,,,
KB04.xlsx,التقرير_الأولي,,,,,,,,,,,,,,,,,,,,,,,,,,,,,الإحالة إلى أخصائي,نعم / لا,,,,,,,,,,,,,,
KB04.xlsx,الخطة_الأسبوعية,,,,,,,,,,يحدده الذكاء الاصطناعي,,,تحقيق المهارة المستهدفة,,,10-15 دقيقة,,,,,,,,,,,,,,,الأحد,A001,,,,,,,,,,,,
KB04.xlsx,الخطة_الأسبوعية,,,,,,,,,,يحدده الذكاء الاصطناعي,,,تحقيق المهارة المستهدفة,,,10-15 دقيقة,,,,,,,,,,,,,,,الاثنين,A003,,,,,,,,,,,,
KB04.xlsx,الخطة_الأسبوعية,,,,,,,,,,يحدده الذكاء الاصطناعي,,,تحقيق المهارة المستهدفة,,,10-15 دقيقة,,,,,,,,,,,,,,,الثلاثاء,A007,,,,,,,,,,,,
KB04.xlsx,الخطة_الأسبوعية,,,,,,,,,,يحدده الذكاء الاصطناعي,,,تحقيق المهارة المستهدفة,,,10-15 دقيقة,,,,,,,,,,,,,,,الأربعاء,A013,,,,,,,,,,,,
KB04.xlsx,الخطة_الأسبوعية,,,,,,,,,,يحدده الذكاء الاصطناعي,,,تحقيق المهارة المستهدفة,,,10-15 دقيقة,,,,,,,,,,,,,,,الخميس,A019,,,,,,,,,,,,
KB04.xlsx,الخطة_الأسبوعية,,,,,,,,,,يحدده الذكاء الاصطناعي,,,تحقيق المهارة المستهدفة,,,10-15 دقيقة,,,,,,,,,,,,,,,الجمعة,مراجعة,,,,,,,,,,,,
KB04.xlsx,الخطة_الأسبوعية,,,,,,,,,,يحدده الذكاء الاصطناعي,,,تحقيق المهارة المستهدفة,,,10-15 دقيقة,,,,,,,,,,,,,,,السبت,قراءة قصة,,,,,,,,,,,,
KB04.xlsx,تقرير_التقدم,,,,,,,,,,,,,,,,,,,,,,,,,,,,,تاريخ التقييم السابق,YYYY-MM-DD,,,,,,,,,,,,,,
KB04.xlsx,تقرير_التقدم,,,,,,,,,,,,,,,,,,,,,,,,,,,,,تاريخ التقييم الحالي,YYYY-MM-DD,,,,,,,,,,,,,,
KB04.xlsx,تقرير_التقدم,,,,,,,,,,,,,,,,,,,,,,,,,,,,,الدرجة السابقة,65%,,,,,,,,,,,,,,
KB04.xlsx,تقرير_التقدم,,,,,,,,,,,,,,,,,,,,,,,,,,,,,الدرجة الحالية,78%,,,,,,,,,,,,,,
KB04.xlsx,تقرير_التقدم,,,,,,,,,,,,,,,,,,,,,,,,,,,,,نسبة التحسن,+13%,,,,,,,,,,,,,,
KB04.xlsx,تقرير_التقدم,,,,,,,,,,,,,,,,,,,,,,,,,,,,,المجالات المتحسنة,اللغة التعبيرية,,,,,,,,,,,,,,
KB04.xlsx,تقرير_التقدم,,,,,,,,,,,,,,,,,,,,,,,,,,,,,المجالات التي تحتاج دعمًا,النطق,,,,,,,,,,,,,,
KB04.xlsx,تقرير_التقدم,,,,,,,,,,,,,,,,,,,,,,,,,,,,,تعليق الذكاء الاصطناعي,ملخص آلي للتقدم,,,,,,,,,,,,,,
KB04.xlsx,تقرير_التقدم,,,,,,,,,,,,,,,,,,,,,,,,,,,,,الأنشطة المستمرة,معرفات الأنشطة,,,,,,,,,,,,,,
KB04.xlsx,تقرير_التقدم,,,,,,,,,,,,,,,,,,,,,,,,,,,,,الهدف القادم,الهدف في التقييم القادم,,,,,,,,,,,,,,
KB04.xlsx,تقرير_الإحالة,,,,,,,,,,,,,,,,,,,,,,,,,,,,,سبب الإحالة,وجود مؤشرات على تأخر لغوي ملحوظ,,,,,,,,,,,,,,
KB04.xlsx,تقرير_الإحالة,,,,,,,,,,,,,,,,,,,,,,,,,,,,,المجالات المتأثرة,النطق، اللغة التعبيرية,,,,,,,,,,,,,,
KB04.xlsx,تقرير_الإحالة,,,,,,,,,,,,,,,,,,,,,,,,,,,,,درجة الشدة,ملحوظ,,,,,,,,,,,,,,
KB04.xlsx,تقرير_الإحالة,,,,,,,,,,,,,,,,,,,,,,,,,,,,,توصية الذكاء الاصطناعي,إحالة إلى أخصائي تخاطب,,,,,,,,,,,,,,
KB04.xlsx,تقرير_الإحالة,,,,,,,,,,,,,,,,,,,,,,,,,,,,,نوع الأخصائي,أخصائي علاج النطق واللغة,,,,,,,,,,,,,,
KB04.xlsx,تقرير_الإحالة,,,,,,,,,,,,,,,,,,,,,,,,,,,,,درجة الاستعجال,عادي / عاجل,,,,,,,,,,,,,,
KB04.xlsx,تقرير_الإحالة,,,,,,,,,,,,,,,,,,,,,,,,,,,,,الأنشطة المنزلية المقترحة,معرفات الأنشطة من KB02,,,,,,,,,,,,,,
KB04.xlsx,قوالب_النصوص,,,,,,,,,,,,,,,,,,,,,,,,,,,,,,,,,,T001,طبيعي,أظهر التقييم أن الطفل يحقق المهارات اللغوية المتوقعة لعمره. يوصى بالاستمرار في الأنشطة اليومية وإعادة التقييم الدوري.,,,,,,,,
KB04.xlsx,قوالب_النصوص,,,,,,,,,,,,,,,,,,,,,,,,,,,,,,,,,,T002,تأخر بسيط,تشير النتائج إلى تأخر لغوي بسيط، ويوصى بالالتزام بالأنشطة المنزلية وإعادة التقييم بعد أربعة أسابيع.,,,,,,,,
KB04.xlsx,قوالب_النصوص,,,,,,,,,,,,,,,,,,,,,,,,,,,,,,,,,,T003,تأخر متوسط,تشير النتائج إلى حاجة الطفل إلى برنامج منزلي منتظم مع متابعة التقدم وإعادة التقييم بعد أسبوعين.,,,,,,,,
KB04.xlsx,قوالب_النصوص,,,,,,,,,,,,,,,,,,,,,,,,,,,,,,,,,,T004,تأخر ملحوظ,تشير النتائج إلى الحاجة إلى تقييم لدى أخصائي تخاطب مع الاستمرار في الأنشطة المنزلية.,,,,,,,,
KB04.xlsx,قوالب_النصوص,,,,,,,,,,,,,,,,,,,,,,,,,,,,,,,,,,T005,تحسن,أظهر الطفل تحسنًا مقارنة بالتقييم السابق، ويوصى بالاستمرار في الخطة الحالية.,,,,,,,,
KB05.xlsx,Assessment_Questions,,اللغة الاستقبالية,,,,,,,,,2.0,,,,,,,,,,,,,,,,,,,,,,,,,,Q001,هل يستجيب الطفل عند مناداة اسمه؟,نعم / لا,1.0,0.0,RL001,R001-R004,
KB05.xlsx,Assessment_Questions,,اللغة الاستقبالية,,,,,,,,,2.0,,,,,,,,,,,,,,,,,,,,,,,,,,Q002,هل ينفذ تعليمات بسيطة من خطوة واحدة؟,نعم / لا,1.0,0.0,RL002,R001-R004,
KB05.xlsx,Assessment_Questions,,اللغة الاستقبالية,,,,,,,,,2.0,,,,,,,,,,,,,,,,,,,,,,,,,,Q003,هل يشير إلى أجزاء جسمه عند الطلب؟,نعم / لا,1.0,0.0,RL003,R001-R004,
KB05.xlsx,Assessment_Questions,,اللغة الاستقبالية,,,,,,,,,2.0,,,,,,,,,,,,,,,,,,,,,,,,,,Q004,هل يفهم أسماء الأشياء المألوفة؟,نعم / لا,1.0,0.0,RL004,R001-R004,
KB05.xlsx,Assessment_Questions,,اللغة الاستقبالية,,,,,,,,,2.0,,,,,,,,,,,,,,,,,,,,,,,,,,Q005,هل يختار اللعبة الصحيحة عند الطلب؟,نعم / لا,1.0,0.0,RL005,R001-R004,
KB05.xlsx,Assessment_Questions,,اللغة التعبيرية,,,,,,,,,2.0,,,,,,,,,,,,,,,,,,,,,,,,,,Q006,هل يستخدم 50 كلمة أو أكثر؟,نعم / لا,1.0,0.0,EL001,R005-R008,
KB05.xlsx,Assessment_Questions,,اللغة التعبيرية,,,,,,,,,2.0,,,,,,,,,,,,,,,,,,,,,,,,,,Q007,هل يجمع كلمتين في جملة بسيطة؟,نعم / لا,1.0,0.0,EL002,R005-R008,
KB05.xlsx,Assessment_Questions,,اللغة التعبيرية,,,,,,,,,2.0,,,,,,,,,,,,,,,,,,,,,,,,,,Q008,هل يسمي الأشياء المألوفة؟,نعم / لا,1.0,0.0,EL003,R005-R008,
KB05.xlsx,Assessment_Questions,,اللغة التعبيرية,,,,,,,,,2.0,,,,,,,,,,,,,,,,,,,,,,,,,,Q009,هل يطلب احتياجاته بالكلام؟,نعم / لا,1.0,0.0,EL004,R005-R008,
KB05.xlsx,Assessment_Questions,,اللغة التعبيرية,,,,,,,,,2.0,,,,,,,,,,,,,,,,,,,,,,,,,,Q010,هل يحاول تقليد كلمات جديدة؟,نعم / لا,1.0,0.0,EL005,R005-R008,
KB05.xlsx,Assessment_Questions,,التواصل والمهارات الاجتماعية,,,,,,,,,2.0,,,,,,,,,,,,,,,,,,,,,,,,,,Q011,هل ينظر إلى الشخص أثناء الحديث؟,نعم / لا,1.0,0.0,CS001,R009-R012,
KB05.xlsx,Assessment_Questions,,التواصل والمهارات الاجتماعية,,,,,,,,,2.0,,,,,,,,,,,,,,,,,,,,,,,,,,Q012,هل يشارك اللعب مع الآخرين؟,نعم / لا,1.0,0.0,CS002,R009-R012,
KB05.xlsx,Assessment_Questions,,التواصل والمهارات الاجتماعية,,,,,,,,,2.0,,,,,,,,,,,,,,,,,,,,,,,,,,Q013,هل يستخدم الإشارة مع الكلام؟,نعم / لا,1.0,0.0,CS003,R009-R012,
KB05.xlsx,Assessment_Questions,,التواصل والمهارات الاجتماعية,,,,,,,,,2.0,,,,,,,,,,,,,,,,,,,,,,,,,,Q014,هل يقلد الحركات البسيطة؟,نعم / لا,1.0,0.0,CS004,R009-R012,
KB05.xlsx,Assessment_Questions,,التواصل والمهارات الاجتماعية,,,,,,,,,2.0,,,,,,,,,,,,,,,,,,,,,,,,,,Q015,هل يحيّي أفراد الأسرة أو يلوح بيده؟,نعم / لا,1.0,0.0,CS005,R009-R012,
KB05.xlsx,Assessment_Questions,,النطق,,,,,,,,,2.0,,,,,,,,,,,,,,,,,,,,,,,,,,Q016,هل يستطيع أفراد الأسرة فهم معظم كلامه؟,نعم / لا,1.0,0.0,SP001,R013-R016,
KB05.xlsx,Assessment_Questions,,النطق,,,,,,,,,2.0,,,,,,,,,,,,,,,,,,,,,,,,,,Q017,هل يقلد أصوات الحيوانات؟,نعم / لا,1.0,0.0,SP002,R013-R016,
KB05.xlsx,Assessment_Questions,,النطق,,,,,,,,,2.0,,,,,,,,,,,,,,,,,,,,,,,,,,Q018,هل يحاول نطق كلمات جديدة؟,نعم / لا,1.0,0.0,SP003,R013-R016,
KB05.xlsx,Assessment_Questions,,النطق,,,,,,,,,2.0,,,,,,,,,,,,,,,,,,,,,,,,,,Q019,هل ينطق بعض الكلمات بوضوح؟,نعم / لا,1.0,0.0,SP004,R013-R016,
KB05.xlsx,Assessment_Questions,,النطق,,,,,,,,,2.0,,,,,,,,,,,,,,,,,,,,,,,,,,Q020,هل يصدر أصواتًا متنوعة أثناء اللعب؟,نعم / لا,1.0,0.0,SP005,R013-R016,
KB05.xlsx,Assessment_Questions,,اللغة الاستقبالية,,,,,,,,,3.0,,,,,,,,,,,,,,,,,,,,,,,,,,Q021,هل ينفذ تعليمات مكونة من خطوتين؟,نعم / لا,1.0,0.0,RL026,R017-R020,
KB05.xlsx,Assessment_Questions,,اللغة الاستقبالية,,,,,,,,,3.0,,,,,,,,,,,,,,,,,,,,,,,,,,Q022,هل يفهم معظم ما يقال له في المنزل؟,نعم / لا,1.0,0.0,RL027,R017-R020,
KB05.xlsx,Assessment_Questions,,اللغة الاستقبالية,,,,,,,,,3.0,,,,,,,,,,,,,,,,,,,,,,,,,,Q023,هل يرتب أحداث قصة بسيطة باستخدام الصور؟,نعم / لا,1.0,0.0,RL028,R017-R020,
KB05.xlsx,Assessment_Questions,,اللغة الاستقبالية,,,,,,,,,3.0,,,,,,,,,,,,,,,,,,,,,,,,,,Q024,هل يفهم مفاهيم المكان مثل فوق وتحت؟,نعم / لا,1.0,0.0,RL029,R017-R020,
KB05.xlsx,Assessment_Questions,,اللغة الاستقبالية,,,,,,,,,3.0,,,,,,,,,,,,,,,,,,,,,,,,,,Q025,هل يجيب عن أسئلة بسيطة بعد سماع قصة؟,نعم / لا,1.0,0.0,RL030,R017-R020,
KB05.xlsx,Assessment_Questions,,اللغة التعبيرية,,,,,,,,,3.0,,,,,,,,,,,,,,,,,,,,,,,,,,Q026,هل يتحدث بجمل من 3 كلمات أو أكثر؟,نعم / لا,1.0,0.0,EL026,R021-R024,
KB05.xlsx,Assessment_Questions,,اللغة التعبيرية,,,,,,,,,3.0,,,,,,,,,,,,,,,,,,,,,,,,,,Q027,هل يصف صورة بكلمات مفهومة؟,نعم / لا,1.0,0.0,EL027,R021-R024,
KB05.xlsx,Assessment_Questions,,اللغة التعبيرية,,,,,,,,,3.0,,,,,,,,,,,,,,,,,,,,,,,,,,Q028,هل يخبرك بما فعله خلال اليوم؟,نعم / لا,1.0,0.0,EL028,R021-R024,
KB05.xlsx,Assessment_Questions,,اللغة التعبيرية,,,,,,,,,3.0,,,,,,,,,,,,,,,,,,,,,,,,,,Q029,هل يجيب عن أسئلة (ماذا؟ ومن؟)؟,نعم / لا,1.0,0.0,EL029,R021-R024,
KB05.xlsx,Assessment_Questions,,اللغة التعبيرية,,,,,,,,,3.0,,,,,,,,,,,,,,,,,,,,,,,,,,Q030,هل يعبر عن رغباته بجمل قصيرة؟,نعم / لا,1.0,0.0,EL030,R021-R024,
KB05.xlsx,Assessment_Questions,,التواصل والمهارات الاجتماعية,,,,,,,,,3.0,,,,,,,,,,,,,,,,,,,,,,,,,,Q031,هل يبدأ الحديث مع الآخرين أحيانًا؟,نعم / لا,1.0,0.0,CS026,R025-R028,
KB05.xlsx,Assessment_Questions,,التواصل والمهارات الاجتماعية,,,,,,,,,3.0,,,,,,,,,,,,,,,,,,,,,,,,,,Q032,هل ينتظر دوره أثناء اللعب؟,نعم / لا,1.0,0.0,CS027,R025-R028,
KB05.xlsx,Assessment_Questions,,التواصل والمهارات الاجتماعية,,,,,,,,,3.0,,,,,,,,,,,,,,,,,,,,,,,,,,Q033,هل يشارك الألعاب مع الأطفال؟,نعم / لا,1.0,0.0,CS028,R025-R028,
KB05.xlsx,Assessment_Questions,,التواصل والمهارات الاجتماعية,,,,,,,,,3.0,,,,,,,,,,,,,,,,,,,,,,,,,,Q034,هل يعبّر عن مشاعره بكلمات بسيطة؟,نعم / لا,1.0,0.0,CS029,R025-R028,
KB05.xlsx,Assessment_Questions,,التواصل والمهارات الاجتماعية,,,,,,,,,3.0,,,,,,,,,,,,,,,,,,,,,,,,,,Q035,هل يفهم المشاعر الأساسية مثل الفرح والحزن؟,نعم / لا,1.0,0.0,CS030,R025-R028,
KB05.xlsx,Assessment_Questions,,النطق,,,,,,,,,3.0,,,,,,,,,,,,,,,,,,,,,,,,,,Q036,هل يستطيع الغرباء فهم معظم كلامه؟,نعم / لا,1.0,0.0,SP026,R029-R032,
KB05.xlsx,Assessment_Questions,,النطق,,,,,,,,,3.0,,,,,,,,,,,,,,,,,,,,,,,,,,Q037,هل ينطق معظم الكلمات بوضوح؟,نعم / لا,1.0,0.0,SP027,R029-R032,
KB05.xlsx,Assessment_Questions,,النطق,,,,,,,,,3.0,,,,,,,,,,,,,,,,,,,,,,,,,,Q038,هل يكرر جملًا قصيرة بوضوح؟,نعم / لا,1.0,0.0,SP028,R029-R032,
KB05.xlsx,Assessment_Questions,,النطق,,,,,,,,,3.0,,,,,,,,,,,,,,,,,,,,,,,,,,Q039,هل يميز بين بعض الأصوات المختلفة؟,نعم / لا,1.0,0.0,SP029,R029-R032,
KB05.xlsx,Assessment_Questions,,النطق,,,,,,,,,3.0,,,,,,,,,,,,,,,,,,,,,,,,,,Q040,هل يتحدث أثناء اللعب بجمل مفهومة؟,نعم / لا,1.0,0.0,SP030,R029-R032,
KB05.xlsx,Assessment_Questions,,اللغة الاستقبالية,,,,,,,,,4.0,,,,,,,,,,,,,,,,,,,,,,,,,,Q041,هل ينفذ ثلاث تعليمات متتالية؟,نعم / لا,1.0,0.0,RL051,R033-R036,
KB05.xlsx,Assessment_Questions,,اللغة الاستقبالية,,,,,,,,,4.0,,,,,,,,,,,,,,,,,,,,,,,,,,Q042,هل يفهم سبب حدوث مواقف بسيطة؟,نعم / لا,1.0,0.0,RL052,R033-R036,
KB05.xlsx,Assessment_Questions,,اللغة الاستقبالية,,,,,,,,,4.0,,,,,,,,,,,,,,,,,,,,,,,,,,Q043,هل يرتب أحداث قصة قصيرة بشكل صحيح؟,نعم / لا,1.0,0.0,RL053,R033-R036,
KB05.xlsx,Assessment_Questions,,اللغة الاستقبالية,,,,,,,,,4.0,,,,,,,,,,,,,,,,,,,,,,,,,,Q044,هل يفهم مفاهيم المكان مثل بين وخلف؟,نعم / لا,1.0,0.0,RL054,R033-R036,
KB05.xlsx,Assessment_Questions,,اللغة الاستقبالية,,,,,,,,,4.0,,,,,,,,,,,,,,,,,,,,,,,,,,Q045,هل يجيب عن أسئلة بعد الاستماع لقصة؟,نعم / لا,1.0,0.0,RL055,R033-R036,
KB05.xlsx,Assessment_Questions,,اللغة التعبيرية,,,,,,,,,4.0,,,,,,,,,,,,,,,,,,,,,,,,,,Q046,هل يتحدث بجمل كاملة ومفهومة؟,نعم / لا,1.0,0.0,EL051,R037-R040,
KB05.xlsx,Assessment_Questions,,اللغة التعبيرية,,,,,,,,,4.0,,,,,,,,,,,,,,,,,,,,,,,,,,Q047,هل يستطيع وصف الأشياء باستخدام أكثر من صفة؟,نعم / لا,1.0,0.0,EL052,R037-R040,
KB05.xlsx,Assessment_Questions,,اللغة التعبيرية,,,,,,,,,4.0,,,,,,,,,,,,,,,,,,,,,,,,,,Q048,هل يحكي قصة قصيرة بتسلسل منطقي؟,نعم / لا,1.0,0.0,EL053,R037-R040,
KB05.xlsx,Assessment_Questions,,اللغة التعبيرية,,,,,,,,,4.0,,,,,,,,,,,,,,,,,,,,,,,,,,Q049,هل يشرح خطوات نشاط بسيط؟,نعم / لا,1.0,0.0,EL054,R037-R040,
KB05.xlsx,Assessment_Questions,,اللغة التعبيرية,,,,,,,,,4.0,,,,,,,,,,,,,,,,,,,,,,,,,,Q050,هل يجيب عن سؤال (لماذا) بجملة مفهومة؟,نعم / لا,1.0,0.0,EL055,R037-R040,
KB05.xlsx,Assessment_Questions,,التواصل والمهارات الاجتماعية,,,,,,,,,4.0,,,,,,,,,,,,,,,,,,,,,,,,,,Q051,هل يبدأ الحديث مع الأطفال الآخرين؟,نعم / لا,1.0,0.0,CS051,R041-R044,
KB05.xlsx,Assessment_Questions,,التواصل والمهارات الاجتماعية,,,,,,,,,4.0,,,,,,,,,,,,,,,,,,,,,,,,,,Q052,هل يتعاون أثناء اللعب الجماعي؟,نعم / لا,1.0,0.0,CS052,R041-R044,
KB05.xlsx,Assessment_Questions,,التواصل والمهارات الاجتماعية,,,,,,,,,4.0,,,,,,,,,,,,,,,,,,,,,,,,,,Q053,هل يميز مشاعر الآخرين؟,نعم / لا,1.0,0.0,CS053,R041-R044,
KB05.xlsx,Assessment_Questions,,التواصل والمهارات الاجتماعية,,,,,,,,,4.0,,,,,,,,,,,,,,,,,,,,,,,,,,Q054,هل يقترح حلولًا بسيطة عند حدوث مشكلة؟,نعم / لا,1.0,0.0,CS054,R041-R044,
KB05.xlsx,Assessment_Questions,,التواصل والمهارات الاجتماعية,,,,,,,,,4.0,,,,,,,,,,,,,,,,,,,,,,,,,,Q055,هل يطرح أسئلة أثناء الحوار؟,نعم / لا,1.0,0.0,CS055,R041-R044,
KB05.xlsx,Assessment_Questions,,النطق,,,,,,,,,4.0,,,,,,,,,,,,,,,,,,,,,,,,,,Q056,هل ينطق معظم الكلمات بوضوح؟,نعم / لا,1.0,0.0,SP051,R045-R048,
KB05.xlsx,Assessment_Questions,,النطق,,,,,,,,,4.0,,,,,,,,,,,,,,,,,,,,,,,,,,Q057,هل يستطيع تكرار جمل من 5 كلمات؟,نعم / لا,1.0,0.0,SP052,R045-R048,
KB05.xlsx,Assessment_Questions,,النطق,,,,,,,,,4.0,,,,,,,,,,,,,,,,,,,,,,,,,,Q058,هل يستطيع الآخرون فهم كلامه بسهولة؟,نعم / لا,1.0,0.0,SP053,R045-R048,
KB05.xlsx,Assessment_Questions,,النطق,,,,,,,,,4.0,,,,,,,,,,,,,,,,,,,,,,,,,,Q059,هل يميز بين الأصوات المتشابهة؟,نعم / لا,1.0,0.0,SP054,R045-R048,
KB05.xlsx,Assessment_Questions,,النطق,,,,,,,,,4.0,,,,,,,,,,,,,,,,,,,,,,,,,,Q060,هل يتحدث بطلاقة أثناء اللعب؟,نعم / لا,1.0,0.0,SP055,R045-R048,
KB05.xlsx,Assessment_Questions,,اللغة الاستقبالية,,,,,,,,,5.0,,,,,,,,,,,,,,,,,,,,,,,,,,Q061,هل ينفذ ثلاث إلى أربع تعليمات متتابعة دون تذكير؟,نعم / لا,1.0,0.0,RL076,R049-R052,
KB05.xlsx,Assessment_Questions,,اللغة الاستقبالية,,,,,,,,,5.0,,,,,,,,,,,,,,,,,,,,,,,,,,Q062,هل يفهم أحداث قصة ويجيب عن أسئلة تتعلق بها؟,نعم / لا,1.0,0.0,RL077,R049-R052,
KB05.xlsx,Assessment_Questions,,اللغة الاستقبالية,,,,,,,,,5.0,,,,,,,,,,,,,,,,,,,,,,,,,,Q063,هل يفسر سبب حدوث مواقف بسيطة؟,نعم / لا,1.0,0.0,RL078,R049-R052,
KB05.xlsx,Assessment_Questions,,اللغة الاستقبالية,,,,,,,,,5.0,,,,,,,,,,,,,,,,,,,,,,,,,,Q064,هل يصنف الأشياء حسب أكثر من خاصية؟,نعم / لا,1.0,0.0,RL079,R049-R052,
KB05.xlsx,Assessment_Questions,,اللغة الاستقبالية,,,,,,,,,5.0,,,,,,,,,,,,,,,,,,,,,,,,,,Q065,هل يتبع الاتجاهات مثل يمين ويسار وأمام وخلف؟,نعم / لا,1.0,0.0,RL080,R049-R052,
KB05.xlsx,Assessment_Questions,,اللغة التعبيرية,,,,,,,,,5.0,,,,,,,,,,,,,,,,,,,,,,,,,,Q066,هل يتحدث بجمل كاملة وواضحة؟,نعم / لا,1.0,0.0,EL076,R053-R056,
KB05.xlsx,Assessment_Questions,,اللغة التعبيرية,,,,,,,,,5.0,,,,,,,,,,,,,,,,,,,,,,,,,,Q067,هل يستطيع سرد قصة قصيرة بتسلسل منطقي؟,نعم / لا,1.0,0.0,EL077,R053-R056,
KB05.xlsx,Assessment_Questions,,اللغة التعبيرية,,,,,,,,,5.0,,,,,,,,,,,,,,,,,,,,,,,,,,Q068,هل يشرح سبب اختياره أو رأيه؟,نعم / لا,1.0,0.0,EL078,R053-R056,
KB05.xlsx,Assessment_Questions,,اللغة التعبيرية,,,,,,,,,5.0,,,,,,,,,,,,,,,,,,,,,,,,,,Q069,هل يصف صورة أو موقفًا بتفاصيل متعددة؟,نعم / لا,1.0,0.0,EL079,R053-R056,
KB05.xlsx,Assessment_Questions,,اللغة التعبيرية,,,,,,,,,5.0,,,,,,,,,,,,,,,,,,,,,,,,,,Q070,هل يجيب عن أسئلة (كيف؟ ولماذا؟) بجمل مفهومة؟,نعم / لا,1.0,0.0,EL080,R053-R056,
KB05.xlsx,Assessment_Questions,,التواصل والمهارات الاجتماعية,,,,,,,,,5.0,,,,,,,,,,,,,,,,,,,,,,,,,,Q071,هل يبدأ الحديث مع الآخرين بثقة؟,نعم / لا,1.0,0.0,CS076,R057-R060,
KB05.xlsx,Assessment_Questions,,التواصل والمهارات الاجتماعية,,,,,,,,,5.0,,,,,,,,,,,,,,,,,,,,,,,,,,Q072,هل يحترم دوره أثناء اللعب الجماعي؟,نعم / لا,1.0,0.0,CS077,R057-R060,
KB05.xlsx,Assessment_Questions,,التواصل والمهارات الاجتماعية,,,,,,,,,5.0,,,,,,,,,,,,,,,,,,,,,,,,,,Q073,هل يعبر عن مشاعره ومشاعر الآخرين؟,نعم / لا,1.0,0.0,CS078,R057-R060,
KB05.xlsx,Assessment_Questions,,التواصل والمهارات الاجتماعية,,,,,,,,,5.0,,,,,,,,,,,,,,,,,,,,,,,,,,Q074,هل يقترح حلولًا مناسبة للمشكلات البسيطة؟,نعم / لا,1.0,0.0,CS079,R057-R060,
KB05.xlsx,Assessment_Questions,,التواصل والمهارات الاجتماعية,,,,,,,,,5.0,,,,,,,,,,,,,,,,,,,,,,,,,,Q075,هل يقدم نفسه للآخرين بطريقة مناسبة؟,نعم / لا,1.0,0.0,CS080,R057-R060,
KB05.xlsx,Assessment_Questions,,النطق,,,,,,,,,5.0,,,,,,,,,,,,,,,,,,,,,,,,,,Q076,هل يستطيع معظم الأشخاص فهم كلامه بسهولة؟,نعم / لا,1.0,0.0,SP076,R061-R064,
KB05.xlsx,Assessment_Questions,,النطق,,,,,,,,,5.0,,,,,,,,,,,,,,,,,,,,,,,,,,Q077,هل ينطق الكلمات الطويلة بوضوح؟,نعم / لا,1.0,0.0,SP077,R061-R064,
KB05.xlsx,Assessment_Questions,,النطق,,,,,,,,,5.0,,,,,,,,,,,,,,,,,,,,,,,,,,Q078,هل يتحدث بطلاقة دون صعوبة ملحوظة؟,نعم / لا,1.0,0.0,SP078,R061-R064,
KB05.xlsx,Assessment_Questions,,النطق,,,,,,,,,5.0,,,,,,,,,,,,,,,,,,,,,,,,,,Q079,هل يميز بين الأصوات المتشابهة عند سماعها؟,نعم / لا,1.0,0.0,SP079,R061-R064,
KB05.xlsx,Assessment_Questions,,النطق,,,,,,,,,5.0,,,,,,,,,,,,,,,,,,,,,,,,,,Q080,هل يتحدث بثقة أثناء الحوار أو اللعب؟,نعم / لا,1.0,0.0,SP080,R061-R064,
